/*
 Navicat Premium Data Transfer

 Source Server         : TechStore
 Source Server Type    : MySQL
 Source Server Version : 80036 (8.0.36)
 Source Host           : localhost:3306
 Source Schema         : doan5

 Target Server Type    : MySQL
 Target Server Version : 80036 (8.0.36)
 File Encoding         : 65001

 Date: 31/03/2024 12:41:22
*/

SET NAMES utf8mb4;
SET FOREIGN_KEY_CHECKS = 0;

-- ----------------------------
-- Table structure for anhsanpham
-- ----------------------------
DROP TABLE IF EXISTS `anhsanpham`;
CREATE TABLE `anhsanpham`  (
  `id` int NOT NULL AUTO_INCREMENT,
  `sanPham_id` int NULL DEFAULT NULL,
  `image` varchar(255) CHARACTER SET utf8mb4 COLLATE utf8mb4_unicode_ci NULL DEFAULT NULL,
  `trangThai` tinyint NULL DEFAULT NULL,
  PRIMARY KEY (`id`) USING BTREE,
  INDEX `sanPham_id`(`sanPham_id` ASC) USING BTREE,
  CONSTRAINT `anhsanpham_ibfk_1` FOREIGN KEY (`sanPham_id`) REFERENCES `sanpham` (`id`) ON DELETE CASCADE ON UPDATE CASCADE
) ENGINE = InnoDB AUTO_INCREMENT = 22 CHARACTER SET = utf8mb4 COLLATE = utf8mb4_unicode_ci ROW_FORMAT = Dynamic;

-- ----------------------------
-- Records of anhsanpham
-- ----------------------------
INSERT INTO `anhsanpham` VALUES (12, 1, 'product_1711600426560_0.jpg', 1);
INSERT INTO `anhsanpham` VALUES (13, 1, 'product_1711599538814_1.jpg', 0);
INSERT INTO `anhsanpham` VALUES (14, 1, 'product_1711599538815_2.jpg', 0);
INSERT INTO `anhsanpham` VALUES (15, 1, 'product_1711599538816_3.jpg', 0);
INSERT INTO `anhsanpham` VALUES (16, 1, 'product_1711599538816_4.jpg', 0);
INSERT INTO `anhsanpham` VALUES (17, 2, 'product_1711600426560_0.jpg', 1);
INSERT INTO `anhsanpham` VALUES (18, 3, 'product_1711600426560_0.jpg', 1);
INSERT INTO `anhsanpham` VALUES (19, 4, 'product_1711600426560_0.jpg', 1);
INSERT INTO `anhsanpham` VALUES (20, 5, 'product_1711600426560_0.jpg', 1);
INSERT INTO `anhsanpham` VALUES (21, 6, 'product_1711600426560_0.jpg', 1);

-- ----------------------------
-- Table structure for chitiethoadonban
-- ----------------------------
DROP TABLE IF EXISTS `chitiethoadonban`;
CREATE TABLE `chitiethoadonban`  (
  `id` int NOT NULL AUTO_INCREMENT,
  `hoaDonBan_id` int NULL DEFAULT NULL,
  `sanPham_id` int NULL DEFAULT NULL,
  `giaBan` decimal(18, 2) NULL DEFAULT NULL,
  `soLuong` int NULL DEFAULT NULL,
  `thanhTien` decimal(18, 2) NULL DEFAULT NULL,
  PRIMARY KEY (`id`) USING BTREE,
  INDEX `hoaDonBan_id`(`hoaDonBan_id` ASC) USING BTREE,
  INDEX `sanPham_id`(`sanPham_id` ASC) USING BTREE,
  CONSTRAINT `chitiethoadonban_ibfk_1` FOREIGN KEY (`hoaDonBan_id`) REFERENCES `hoadonban` (`id`) ON DELETE CASCADE ON UPDATE CASCADE,
  CONSTRAINT `chitiethoadonban_ibfk_2` FOREIGN KEY (`sanPham_id`) REFERENCES `sanpham` (`id`) ON DELETE CASCADE ON UPDATE CASCADE
) ENGINE = InnoDB AUTO_INCREMENT = 6 CHARACTER SET = utf8mb4 COLLATE = utf8mb4_unicode_ci ROW_FORMAT = Dynamic;

-- ----------------------------
-- Records of chitiethoadonban
-- ----------------------------
INSERT INTO `chitiethoadonban` VALUES (1, 1, 3, 39000.00, 1, 39000.00);
INSERT INTO `chitiethoadonban` VALUES (2, 1, 4, 39000.00, 2, 78000.00);
INSERT INTO `chitiethoadonban` VALUES (3, 1, 5, 39000.00, 1, 39000.00);
INSERT INTO `chitiethoadonban` VALUES (4, 2, 4, 39000.00, 1, 39000.00);
INSERT INTO `chitiethoadonban` VALUES (5, 2, 3, 39000.00, 2, 78000.00);

-- ----------------------------
-- Table structure for chitiethoadonnhap
-- ----------------------------
DROP TABLE IF EXISTS `chitiethoadonnhap`;
CREATE TABLE `chitiethoadonnhap`  (
  `id` int NOT NULL AUTO_INCREMENT,
  `hoaDonNhap_id` int NULL DEFAULT NULL,
  `sanPham_id` int NULL DEFAULT NULL,
  `giaNhap` decimal(18, 2) NULL DEFAULT NULL,
  `soLuong` int NULL DEFAULT NULL,
  `thanhTien` decimal(18, 2) NULL DEFAULT NULL,
  PRIMARY KEY (`id`) USING BTREE,
  INDEX `hoaDonNhap_id`(`hoaDonNhap_id` ASC) USING BTREE,
  INDEX `sanPham_id`(`sanPham_id` ASC) USING BTREE,
  CONSTRAINT `chitiethoadonnhap_ibfk_1` FOREIGN KEY (`hoaDonNhap_id`) REFERENCES `hoadonnhap` (`id`) ON DELETE CASCADE ON UPDATE CASCADE,
  CONSTRAINT `chitiethoadonnhap_ibfk_2` FOREIGN KEY (`sanPham_id`) REFERENCES `sanpham` (`id`) ON DELETE CASCADE ON UPDATE CASCADE
) ENGINE = InnoDB AUTO_INCREMENT = 5 CHARACTER SET = utf8mb4 COLLATE = utf8mb4_unicode_ci ROW_FORMAT = Dynamic;

-- ----------------------------
-- Records of chitiethoadonnhap
-- ----------------------------
INSERT INTO `chitiethoadonnhap` VALUES (3, 3, 1, 20000.00, 50, 1000000.00);
INSERT INTO `chitiethoadonnhap` VALUES (4, 4, 1, 20000.00, 12, 240000.00);

-- ----------------------------
-- Table structure for gioithieu
-- ----------------------------
DROP TABLE IF EXISTS `gioithieu`;
CREATE TABLE `gioithieu`  (
  `id` int NOT NULL AUTO_INCREMENT,
  `gioiThieu` text CHARACTER SET utf8mb4 COLLATE utf8mb4_unicode_ci NULL,
  PRIMARY KEY (`id`) USING BTREE
) ENGINE = InnoDB AUTO_INCREMENT = 3 CHARACTER SET = utf8mb4 COLLATE = utf8mb4_unicode_ci ROW_FORMAT = Dynamic;

-- ----------------------------
-- Records of gioithieu
-- ----------------------------
INSERT INTO `gioithieu` VALUES (2, '<p>Điều rất quan trọng là khách hàng phải nhận thức được nhu cầu của mình, nhưng điều tương tự cũng xảy ra cùng một lúc. với một số lao động và đau đớn lớn lao. Thực ra, để đi đến từng chi tiết nhỏ nhất, không ai nên thực hiện bất kỳ điều nào trong số đó lao động, ngoại trừ việc một số lao động đó có thể được hưởng lợi</p>');

-- ----------------------------
-- Table structure for hoadonban
-- ----------------------------
DROP TABLE IF EXISTS `hoadonban`;
CREATE TABLE `hoadonban`  (
  `id` int NOT NULL AUTO_INCREMENT,
  `khachHang_id` int NULL DEFAULT NULL,
  `hoTen` varchar(255) CHARACTER SET utf8mb4 COLLATE utf8mb4_unicode_ci NULL DEFAULT NULL,
  `email` varchar(255) CHARACTER SET utf8mb4 COLLATE utf8mb4_unicode_ci NULL DEFAULT NULL,
  `soDienThoai` char(15) CHARACTER SET utf8mb4 COLLATE utf8mb4_unicode_ci NULL DEFAULT NULL,
  `diaChi` text CHARACTER SET utf8mb4 COLLATE utf8mb4_unicode_ci NULL,
  `ghiChu` text CHARACTER SET utf8mb4 COLLATE utf8mb4_unicode_ci NULL,
  `tongTien` decimal(18, 2) NULL DEFAULT NULL,
  `trangThaiDonHang` varchar(255) CHARACTER SET utf8mb4 COLLATE utf8mb4_unicode_ci NULL DEFAULT NULL,
  `trangThaiThanhToan` tinyint NULL DEFAULT NULL,
  `phuongThucThanhToan` varchar(255) CHARACTER SET utf8mb4 COLLATE utf8mb4_unicode_ci NULL DEFAULT NULL,
  `ngayTao` datetime NULL DEFAULT CURRENT_TIMESTAMP,
  PRIMARY KEY (`id`) USING BTREE,
  INDEX `khachHang_id`(`khachHang_id` ASC) USING BTREE,
  CONSTRAINT `hoadonban_ibfk_1` FOREIGN KEY (`khachHang_id`) REFERENCES `khachang` (`id`) ON DELETE CASCADE ON UPDATE CASCADE
) ENGINE = InnoDB AUTO_INCREMENT = 3 CHARACTER SET = utf8mb4 COLLATE = utf8mb4_unicode_ci ROW_FORMAT = Dynamic;

-- ----------------------------
-- Records of hoadonban
-- ----------------------------
INSERT INTO `hoadonban` VALUES (1, 1, 'Đỗ Đình Diệm', 'dodinhdiem2802@gmail.com', '0796498503', 'Hàm Hy - Cộng Lạc - Tứ Kỳ - Hải Dương', '12121212', 156000.00, 'Chờ xác nhận', 1, 'Thanh toán qua ví VNPAY', '2024-03-31 09:20:03');
INSERT INTO `hoadonban` VALUES (2, 1, 'Đỗ Đình Diệm', 'dodinhdiem2802@gmail.com', '0796498503', 'Cẩm Thượng - Cẩm Giàng - Hải Dương', '12121212', 117000.00, 'Chờ xác nhận', 0, 'Thanh toán khi nhận hàng', '2024-03-31 09:26:33');

-- ----------------------------
-- Table structure for hoadonnhap
-- ----------------------------
DROP TABLE IF EXISTS `hoadonnhap`;
CREATE TABLE `hoadonnhap`  (
  `id` int NOT NULL AUTO_INCREMENT,
  `nhaCungCap_id` int NULL DEFAULT NULL,
  `nhanVien_id` int NULL DEFAULT NULL,
  `tongTien` decimal(18, 2) NULL DEFAULT NULL,
  `trangThaiThanhToan` tinyint NULL DEFAULT NULL,
  `ngayTao` datetime NULL DEFAULT CURRENT_TIMESTAMP,
  PRIMARY KEY (`id`) USING BTREE,
  INDEX `nhaCungCap_id`(`nhaCungCap_id` ASC) USING BTREE,
  INDEX `nhanVien_id`(`nhanVien_id` ASC) USING BTREE,
  CONSTRAINT `hoadonnhap_ibfk_3` FOREIGN KEY (`nhaCungCap_id`) REFERENCES `nhacungcap` (`id`) ON DELETE CASCADE ON UPDATE CASCADE,
  CONSTRAINT `hoadonnhap_ibfk_4` FOREIGN KEY (`nhanVien_id`) REFERENCES `nhanvien` (`id`) ON DELETE CASCADE ON UPDATE CASCADE
) ENGINE = InnoDB AUTO_INCREMENT = 5 CHARACTER SET = utf8mb4 COLLATE = utf8mb4_unicode_ci ROW_FORMAT = Dynamic;

-- ----------------------------
-- Records of hoadonnhap
-- ----------------------------
INSERT INTO `hoadonnhap` VALUES (3, 1, 2, 1000000.00, 1, '2024-03-28 20:57:10');
INSERT INTO `hoadonnhap` VALUES (4, 1, 2, 240000.00, 0, '2024-03-28 21:01:50');

-- ----------------------------
-- Table structure for khachang
-- ----------------------------
DROP TABLE IF EXISTS `khachang`;
CREATE TABLE `khachang`  (
  `id` int NOT NULL AUTO_INCREMENT,
  `email` varchar(255) CHARACTER SET utf8mb4 COLLATE utf8mb4_unicode_ci NULL DEFAULT NULL,
  `passWork` varchar(255) CHARACTER SET utf8mb4 COLLATE utf8mb4_unicode_ci NULL DEFAULT NULL,
  `hoTen` varchar(255) CHARACTER SET utf8mb4 COLLATE utf8mb4_unicode_ci NULL DEFAULT NULL,
  `soDienThoai` char(15) CHARACTER SET utf8mb4 COLLATE utf8mb4_unicode_ci NULL DEFAULT NULL,
  `diaChi` text CHARACTER SET utf8mb4 COLLATE utf8mb4_unicode_ci NULL,
  `gioiTinh` char(5) CHARACTER SET utf8mb4 COLLATE utf8mb4_unicode_ci NULL DEFAULT NULL,
  `ngaySinh` date NULL DEFAULT NULL,
  `token` text CHARACTER SET utf8mb4 COLLATE utf8mb4_unicode_ci NULL,
  `refreshToken` varchar(255) CHARACTER SET utf8mb4 COLLATE utf8mb4_unicode_ci NULL DEFAULT NULL,
  `RefreshTokenExpiryTime` datetime NULL DEFAULT NULL,
  PRIMARY KEY (`id`) USING BTREE
) ENGINE = InnoDB AUTO_INCREMENT = 2 CHARACTER SET = utf8mb4 COLLATE = utf8mb4_unicode_ci ROW_FORMAT = Dynamic;

-- ----------------------------
-- Records of khachang
-- ----------------------------
INSERT INTO `khachang` VALUES (1, 'dodinhdiem2802@gmail.com', 'Dodiem2k2@', 'Đỗ Đình Diệm', '0796498503', NULL, NULL, NULL, 'eyJhbGciOiJIUzI1NiIsInR5cCI6IkpXVCJ9.eyJlbWFpbCI6ImRvZGluaGRpZW0yODAyQGdtYWlsLmNvbSIsIm5hbWUiOiLEkOG7lyDEkMOsbmggRGnhu4dtIiwiaWQiOiIxIiwibmJmIjoxNzExODQ2NTI1LCJleHAiOjE3MTE4NDY1MzQsImlhdCI6MTcxMTg0NjUyNX0.jg4UGUxzrAFuetAsaAmkdhEsx0fsz1tcJf2rMDDdh0I', 'YbFrykWBZxPjmdd/vHMzqXT/Oh4dJcM8ClyU9TFX372oHmzR0Bt3PjnblZNrNrpC0cqynHKE03IUGoWbkDDQ8A==', '2024-04-01 07:55:25');

-- ----------------------------
-- Table structure for lienhe
-- ----------------------------
DROP TABLE IF EXISTS `lienhe`;
CREATE TABLE `lienhe`  (
  `id` int NOT NULL AUTO_INCREMENT,
  `banDo` text CHARACTER SET utf8mb4 COLLATE utf8mb4_unicode_ci NULL,
  `duong` varchar(255) CHARACTER SET utf8mb4 COLLATE utf8mb4_unicode_ci NULL DEFAULT NULL,
  `thonXom` varchar(255) CHARACTER SET utf8mb4 COLLATE utf8mb4_unicode_ci NULL DEFAULT NULL,
  `xaPhuong` varchar(255) CHARACTER SET utf8mb4 COLLATE utf8mb4_unicode_ci NULL DEFAULT NULL,
  `quanHuyen` varchar(255) CHARACTER SET utf8mb4 COLLATE utf8mb4_unicode_ci NULL DEFAULT NULL,
  `tinhThanhPho` varchar(255) CHARACTER SET utf8mb4 COLLATE utf8mb4_unicode_ci NULL DEFAULT NULL,
  `email` varchar(255) CHARACTER SET utf8mb4 COLLATE utf8mb4_unicode_ci NULL DEFAULT NULL,
  `soDienThoai` char(15) CHARACTER SET utf8mb4 COLLATE utf8mb4_unicode_ci NULL DEFAULT NULL,
  PRIMARY KEY (`id`) USING BTREE
) ENGINE = InnoDB AUTO_INCREMENT = 2 CHARACTER SET = utf8mb4 COLLATE = utf8mb4_unicode_ci ROW_FORMAT = Dynamic;

-- ----------------------------
-- Records of lienhe
-- ----------------------------
INSERT INTO `lienhe` VALUES (1, '<iframe src=\"https://www.google.com/maps/embed?pb=!1m14!1m12!1m3!1d7460.362860469834!2d106.4612902!3d20.78394670000001!2m3!1f0!2f0!3f0!3m2!1i1024!2i768!4f13.1!5e0!3m2!1sen!2s!4v1711607474526!5m2!1sen!2s\" width=\"100%\" height=\"100%\" style=\"border:0;\" allowfullscreen=\"\" loading=\"lazy\" referrerpolicy=\"no-referrer-when-downgrade\"></iframe>', '391hhh', 'Hàm Hy', 'Cộng Lạc', 'Tứ Kỳ', 'Hải Dương', 'dodinhdiem9090@gmail.com', '1212121212');

-- ----------------------------
-- Table structure for loaisanpham
-- ----------------------------
DROP TABLE IF EXISTS `loaisanpham`;
CREATE TABLE `loaisanpham`  (
  `id` int NOT NULL AUTO_INCREMENT,
  `tenLoai` varchar(255) CHARACTER SET utf8mb4 COLLATE utf8mb4_unicode_ci NULL DEFAULT NULL,
  `icon` varchar(255) CHARACTER SET utf8mb4 COLLATE utf8mb4_unicode_ci NULL DEFAULT NULL,
  `trangThai` tinyint NULL DEFAULT NULL,
  PRIMARY KEY (`id`) USING BTREE
) ENGINE = InnoDB AUTO_INCREMENT = 4 CHARACTER SET = utf8mb4 COLLATE = utf8mb4_unicode_ci ROW_FORMAT = Dynamic;

-- ----------------------------
-- Records of loaisanpham
-- ----------------------------
INSERT INTO `loaisanpham` VALUES (1, 'Rau củ', 'personnel_1711587212030_0.png', 1);
INSERT INTO `loaisanpham` VALUES (2, 'Nước ép', 'personnel_1711587424640_0.png', 1);

-- ----------------------------
-- Table structure for nhacungcap
-- ----------------------------
DROP TABLE IF EXISTS `nhacungcap`;
CREATE TABLE `nhacungcap`  (
  `id` int NOT NULL AUTO_INCREMENT,
  `tenNhaCungCap` varchar(255) CHARACTER SET utf8mb4 COLLATE utf8mb4_unicode_ci NULL DEFAULT NULL,
  `email` varchar(255) CHARACTER SET utf8mb4 COLLATE utf8mb4_unicode_ci NULL DEFAULT NULL,
  `soDienThoai` char(15) CHARACTER SET utf8mb4 COLLATE utf8mb4_unicode_ci NULL DEFAULT NULL,
  `diaChi` varchar(255) CHARACTER SET utf8mb4 COLLATE utf8mb4_unicode_ci NULL DEFAULT NULL,
  PRIMARY KEY (`id`) USING BTREE
) ENGINE = InnoDB AUTO_INCREMENT = 3 CHARACTER SET = utf8mb4 COLLATE = utf8mb4_unicode_ci ROW_FORMAT = Dynamic;

-- ----------------------------
-- Records of nhacungcap
-- ----------------------------
INSERT INTO `nhacungcap` VALUES (1, 'Nhà cung cấp 1', 'techstore2802@gmail.com', '11212', '1212');

-- ----------------------------
-- Table structure for nhanvien
-- ----------------------------
DROP TABLE IF EXISTS `nhanvien`;
CREATE TABLE `nhanvien`  (
  `id` int NOT NULL AUTO_INCREMENT,
  `role_Id` int NULL DEFAULT NULL,
  `email` varchar(255) CHARACTER SET utf8mb4 COLLATE utf8mb4_unicode_ci NULL DEFAULT NULL,
  `passWork` varchar(255) CHARACTER SET utf8mb4 COLLATE utf8mb4_unicode_ci NULL DEFAULT NULL,
  `image` varchar(255) CHARACTER SET utf8mb4 COLLATE utf8mb4_unicode_ci NULL DEFAULT NULL,
  `hoTen` varchar(255) CHARACTER SET utf8mb4 COLLATE utf8mb4_unicode_ci NULL DEFAULT NULL,
  `soDienThoai` char(15) CHARACTER SET utf8mb4 COLLATE utf8mb4_unicode_ci NULL DEFAULT NULL,
  `diaChi` text CHARACTER SET utf8mb4 COLLATE utf8mb4_unicode_ci NULL,
  `gioiTinh` char(5) CHARACTER SET utf8mb4 COLLATE utf8mb4_unicode_ci NULL DEFAULT NULL,
  `ngaySinh` datetime NULL DEFAULT NULL,
  `ngayVaoLam` datetime NULL DEFAULT NULL,
  `token` text CHARACTER SET utf8mb4 COLLATE utf8mb4_unicode_ci NULL,
  `refreshToken` varchar(255) CHARACTER SET utf8mb4 COLLATE utf8mb4_unicode_ci NULL DEFAULT NULL,
  `refreshTokenExpiryTime` datetime NULL DEFAULT NULL,
  PRIMARY KEY (`id`) USING BTREE,
  INDEX `role_Id`(`role_Id` ASC) USING BTREE,
  CONSTRAINT `nhanvien_ibfk_1` FOREIGN KEY (`role_Id`) REFERENCES `role` (`id`) ON DELETE CASCADE ON UPDATE CASCADE
) ENGINE = InnoDB AUTO_INCREMENT = 3 CHARACTER SET = utf8mb4 COLLATE = utf8mb4_unicode_ci ROW_FORMAT = Dynamic;

-- ----------------------------
-- Records of nhanvien
-- ----------------------------
INSERT INTO `nhanvien` VALUES (2, 1, 'techstore2802@gmail.com', 'dodiem2k2', 'nhanvien_1711621601835_0.jpg', 'Đỗ Đình Diệm', '1212121212', 'Hàm Hy - Cộng Lạc -Tứ Kỳ - Hải Dương', 'Nam', '2002-02-27 10:00:00', '2024-03-27 10:00:00', 'eyJhbGciOiJIUzI1NiIsInR5cCI6IkpXVCJ9.eyJyb2xlIjoiUm9sZV9BZG1pbiIsImlkIjoiMiIsImVtYWlsIjoidGVjaHN0b3JlMjgwMkBnbWFpbC5jb20iLCJuYW1lIjoixJDhu5cgxJDDrG5oIERp4buHbSIsIm5iZiI6MTcxMTcyNTIzNiwiZXhwIjoxNzEyMzMwMDM2LCJpYXQiOjE3MTE3MjUyMzZ9.5WoAsB1f9vi767e7Ahkbnl7SWOIAMxSHeXS5q04fNzI', 'lp5RGVkcqTt8/E+zISwaTMp1x20yX+mARAgyCOGJk6ik7mI9JS2+1HARHbBjoyCqS9/iuzqVCHFpl7N8Cr4RVA==', '2024-03-30 22:13:57');

-- ----------------------------
-- Table structure for role
-- ----------------------------
DROP TABLE IF EXISTS `role`;
CREATE TABLE `role`  (
  `id` int NOT NULL AUTO_INCREMENT,
  `tenRole` varchar(255) CHARACTER SET utf8mb4 COLLATE utf8mb4_unicode_ci NULL DEFAULT NULL,
  PRIMARY KEY (`id`) USING BTREE
) ENGINE = InnoDB AUTO_INCREMENT = 2 CHARACTER SET = utf8mb4 COLLATE = utf8mb4_unicode_ci ROW_FORMAT = Dynamic;

-- ----------------------------
-- Records of role
-- ----------------------------
INSERT INTO `role` VALUES (1, 'Role_Admin');

-- ----------------------------
-- Table structure for sanpham
-- ----------------------------
DROP TABLE IF EXISTS `sanpham`;
CREATE TABLE `sanpham`  (
  `id` int NOT NULL AUTO_INCREMENT,
  `loaiSanPham_id` int NULL DEFAULT NULL,
  `tenSanPham` varchar(255) CHARACTER SET utf8mb4 COLLATE utf8mb4_unicode_ci NULL DEFAULT NULL,
  `moTa` text CHARACTER SET utf8mb4 COLLATE utf8mb4_unicode_ci NULL,
  `giaBan` decimal(18, 2) NULL DEFAULT NULL,
  `giamGia` decimal(18, 2) NULL DEFAULT NULL,
  `soLuong` int NULL DEFAULT NULL,
  `ngayTao` datetime NULL DEFAULT CURRENT_TIMESTAMP,
  PRIMARY KEY (`id`) USING BTREE,
  INDEX `loaiSanPham_id`(`loaiSanPham_id` ASC) USING BTREE,
  CONSTRAINT `sanpham_ibfk_1` FOREIGN KEY (`loaiSanPham_id`) REFERENCES `loaisanpham` (`id`) ON DELETE CASCADE ON UPDATE CASCADE
) ENGINE = InnoDB AUTO_INCREMENT = 7 CHARACTER SET = utf8mb4 COLLATE = utf8mb4_unicode_ci ROW_FORMAT = Dynamic;

-- ----------------------------
-- Records of sanpham
-- ----------------------------
INSERT INTO `sanpham` VALUES (1, 1, 'Táo Mỹ 8', '<h2><strong>What is Lorem Ipsum?</strong></h2><p><strong>Lorem Ipsum</strong>&nbsp;is simply dummy text of the printing and typesetting industry. Lorem Ipsum has been the industry’s standard dummy text ever since the 1500s, when an unknown printer took a galley of type and scrambled it to make a type specimen book. It has survived not only five centuries, but also the leap into electronic typesetting, remaining essentially unchanged. It was popularised in the 1960s with the release of Letraset sheets containing Lorem Ipsum passages, and more recently with desktop publishing software like Aldus PageMaker including versions of Lorem Ipsum.</p><h2><strong>Why do we use it?</strong></h2><p>It is a long established fact that a reader will be distracted by the readable content of a page when looking at its layout. The point of using Lorem Ipsum is that it has a more-or-less normal distribution of letters, as opposed to using ‘Content here, content here’, making it look like readable English. Many desktop publishing packages and web page editors now use Lorem Ipsum as their default model text, and a search for ‘lorem ipsum’ will uncover many web sites still in their infancy. Various versions have evolved over the years, sometimes by accident, sometimes on purpose (injected humour and the like).</p><h3><strong>Where does it come from?</strong></h3><p>Contrary to popular belief, Lorem Ipsum is not simply random text. It has roots in a piece of classical Latin literature from 45 BC, making it over 2000 years old. Richard McClintock, a Latin professor at Hampden-Sydney College in Virginia, looked up one of the more obscure Latin words, consectetur, from a Lorem Ipsum passage, and going through the cites of the word in classical literature, discovered the undoubtable source. Lorem Ipsum comes from sections 1.10.32 and 1.10.33 of “de Finibus Bonorum et Malorum” (The Extremes of Good and Evil) by Cicero, written in 45 BC. This book is a treatise on the theory of ethics, very popular during the Renaissance. The first line of Lorem Ipsum, “Lorem ipsum dolor sit amet..”, comes from a line in section 1.10.32.</p><p>The standard chunk of Lorem Ipsum used since the 1500s is reproduced below for those interested. Sections 1.10.32 and 1.10.33 from “de Finibus Bonorum et Malorum” by Cicero are also reproduced in their exact original form, accompanied by English versions from the 1914 translation by H. Rackham.</p><h2><strong>Where can I get some?</strong></h2><p>There are many variations of passages of Lorem Ipsum available, but the majority have suffered alteration in some form, by injected humour, or randomised words which don’t look even slightly believable. If you are going to use a passage of Lorem Ipsum, you need to be sure there isn’t anything embarrassing hidden in the middle of text. All the Lorem Ipsum generators on the Internet tend to repeat predefined chunks as necessary, making this the first true generator on the Internet. It uses a dictionary of over 200 Latin words, combined with a handful of model sentence structures, to generate Lorem Ipsum which looks reasonable. The generated Lorem Ipsum is therefore always free from repetition, injected humour, or non-characteristic words etc.</p>', 52000.00, 13000.00, 62, '2024-03-28 10:30:48');
INSERT INTO `sanpham` VALUES (2, 1, 'Táo Mỹ 2', '<h2><strong>What is Lorem Ipsum?</strong></h2><p><strong>Lorem Ipsum</strong>&nbsp;is simply dummy text of the printing and typesetting industry. Lorem Ipsum has been the industry’s standard dummy text ever since the 1500s, when an unknown printer took a galley of type and scrambled it to make a type specimen book. It has survived not only five centuries, but also the leap into electronic typesetting, remaining essentially unchanged. It was popularised in the 1960s with the release of Letraset sheets containing Lorem Ipsum passages, and more recently with desktop publishing software like Aldus PageMaker including versions of Lorem Ipsum.</p><h2><strong>Why do we use it?</strong></h2><p>It is a long established fact that a reader will be distracted by the readable content of a page when looking at its layout. The point of using Lorem Ipsum is that it has a more-or-less normal distribution of letters, as opposed to using ‘Content here, content here’, making it look like readable English. Many desktop publishing packages and web page editors now use Lorem Ipsum as their default model text, and a search for ‘lorem ipsum’ will uncover many web sites still in their infancy. Various versions have evolved over the years, sometimes by accident, sometimes on purpose (injected humour and the like).</p><h3><strong>Where does it come from?</strong></h3><p>Contrary to popular belief, Lorem Ipsum is not simply random text. It has roots in a piece of classical Latin literature from 45 BC, making it over 2000 years old. Richard McClintock, a Latin professor at Hampden-Sydney College in Virginia, looked up one of the more obscure Latin words, consectetur, from a Lorem Ipsum passage, and going through the cites of the word in classical literature, discovered the undoubtable source. Lorem Ipsum comes from sections 1.10.32 and 1.10.33 of “de Finibus Bonorum et Malorum” (The Extremes of Good and Evil) by Cicero, written in 45 BC. This book is a treatise on the theory of ethics, very popular during the Renaissance. The first line of Lorem Ipsum, “Lorem ipsum dolor sit amet..”, comes from a line in section 1.10.32.</p><p>The standard chunk of Lorem Ipsum used since the 1500s is reproduced below for those interested. Sections 1.10.32 and 1.10.33 from “de Finibus Bonorum et Malorum” by Cicero are also reproduced in their exact original form, accompanied by English versions from the 1914 translation by H. Rackham.</p><h2><strong>Where can I get some?</strong></h2><p>There are many variations of passages of Lorem Ipsum available, but the majority have suffered alteration in some form, by injected humour, or randomised words which don’t look even slightly believable. If you are going to use a passage of Lorem Ipsum, you need to be sure there isn’t anything embarrassing hidden in the middle of text. All the Lorem Ipsum generators on the Internet tend to repeat predefined chunks as necessary, making this the first true generator on the Internet. It uses a dictionary of over 200 Latin words, combined with a handful of model sentence structures, to generate Lorem Ipsum which looks reasonable. The generated Lorem Ipsum is therefore always free from repetition, injected humour, or non-characteristic words etc.</p>', 52000.00, 13000.00, 62, '2024-03-28 10:30:48');
INSERT INTO `sanpham` VALUES (3, 1, 'Táo Mỹ 3', '<h2><strong>What is Lorem Ipsum?</strong></h2><p><strong>Lorem Ipsum</strong>&nbsp;is simply dummy text of the printing and typesetting industry. Lorem Ipsum has been the industry’s standard dummy text ever since the 1500s, when an unknown printer took a galley of type and scrambled it to make a type specimen book. It has survived not only five centuries, but also the leap into electronic typesetting, remaining essentially unchanged. It was popularised in the 1960s with the release of Letraset sheets containing Lorem Ipsum passages, and more recently with desktop publishing software like Aldus PageMaker including versions of Lorem Ipsum.</p><h2><strong>Why do we use it?</strong></h2><p>It is a long established fact that a reader will be distracted by the readable content of a page when looking at its layout. The point of using Lorem Ipsum is that it has a more-or-less normal distribution of letters, as opposed to using ‘Content here, content here’, making it look like readable English. Many desktop publishing packages and web page editors now use Lorem Ipsum as their default model text, and a search for ‘lorem ipsum’ will uncover many web sites still in their infancy. Various versions have evolved over the years, sometimes by accident, sometimes on purpose (injected humour and the like).</p><h3><strong>Where does it come from?</strong></h3><p>Contrary to popular belief, Lorem Ipsum is not simply random text. It has roots in a piece of classical Latin literature from 45 BC, making it over 2000 years old. Richard McClintock, a Latin professor at Hampden-Sydney College in Virginia, looked up one of the more obscure Latin words, consectetur, from a Lorem Ipsum passage, and going through the cites of the word in classical literature, discovered the undoubtable source. Lorem Ipsum comes from sections 1.10.32 and 1.10.33 of “de Finibus Bonorum et Malorum” (The Extremes of Good and Evil) by Cicero, written in 45 BC. This book is a treatise on the theory of ethics, very popular during the Renaissance. The first line of Lorem Ipsum, “Lorem ipsum dolor sit amet..”, comes from a line in section 1.10.32.</p><p>The standard chunk of Lorem Ipsum used since the 1500s is reproduced below for those interested. Sections 1.10.32 and 1.10.33 from “de Finibus Bonorum et Malorum” by Cicero are also reproduced in their exact original form, accompanied by English versions from the 1914 translation by H. Rackham.</p><h2><strong>Where can I get some?</strong></h2><p>There are many variations of passages of Lorem Ipsum available, but the majority have suffered alteration in some form, by injected humour, or randomised words which don’t look even slightly believable. If you are going to use a passage of Lorem Ipsum, you need to be sure there isn’t anything embarrassing hidden in the middle of text. All the Lorem Ipsum generators on the Internet tend to repeat predefined chunks as necessary, making this the first true generator on the Internet. It uses a dictionary of over 200 Latin words, combined with a handful of model sentence structures, to generate Lorem Ipsum which looks reasonable. The generated Lorem Ipsum is therefore always free from repetition, injected humour, or non-characteristic words etc.</p>', 52000.00, 13000.00, 59, '2024-03-28 10:30:48');
INSERT INTO `sanpham` VALUES (4, 1, 'Táo Mỹ 4', '<h2><strong>What is Lorem Ipsum?</strong></h2><p><strong>Lorem Ipsum</strong>&nbsp;is simply dummy text of the printing and typesetting industry. Lorem Ipsum has been the industry’s standard dummy text ever since the 1500s, when an unknown printer took a galley of type and scrambled it to make a type specimen book. It has survived not only five centuries, but also the leap into electronic typesetting, remaining essentially unchanged. It was popularised in the 1960s with the release of Letraset sheets containing Lorem Ipsum passages, and more recently with desktop publishing software like Aldus PageMaker including versions of Lorem Ipsum.</p><h2><strong>Why do we use it?</strong></h2><p>It is a long established fact that a reader will be distracted by the readable content of a page when looking at its layout. The point of using Lorem Ipsum is that it has a more-or-less normal distribution of letters, as opposed to using ‘Content here, content here’, making it look like readable English. Many desktop publishing packages and web page editors now use Lorem Ipsum as their default model text, and a search for ‘lorem ipsum’ will uncover many web sites still in their infancy. Various versions have evolved over the years, sometimes by accident, sometimes on purpose (injected humour and the like).</p><h3><strong>Where does it come from?</strong></h3><p>Contrary to popular belief, Lorem Ipsum is not simply random text. It has roots in a piece of classical Latin literature from 45 BC, making it over 2000 years old. Richard McClintock, a Latin professor at Hampden-Sydney College in Virginia, looked up one of the more obscure Latin words, consectetur, from a Lorem Ipsum passage, and going through the cites of the word in classical literature, discovered the undoubtable source. Lorem Ipsum comes from sections 1.10.32 and 1.10.33 of “de Finibus Bonorum et Malorum” (The Extremes of Good and Evil) by Cicero, written in 45 BC. This book is a treatise on the theory of ethics, very popular during the Renaissance. The first line of Lorem Ipsum, “Lorem ipsum dolor sit amet..”, comes from a line in section 1.10.32.</p><p>The standard chunk of Lorem Ipsum used since the 1500s is reproduced below for those interested. Sections 1.10.32 and 1.10.33 from “de Finibus Bonorum et Malorum” by Cicero are also reproduced in their exact original form, accompanied by English versions from the 1914 translation by H. Rackham.</p><h2><strong>Where can I get some?</strong></h2><p>There are many variations of passages of Lorem Ipsum available, but the majority have suffered alteration in some form, by injected humour, or randomised words which don’t look even slightly believable. If you are going to use a passage of Lorem Ipsum, you need to be sure there isn’t anything embarrassing hidden in the middle of text. All the Lorem Ipsum generators on the Internet tend to repeat predefined chunks as necessary, making this the first true generator on the Internet. It uses a dictionary of over 200 Latin words, combined with a handful of model sentence structures, to generate Lorem Ipsum which looks reasonable. The generated Lorem Ipsum is therefore always free from repetition, injected humour, or non-characteristic words etc.</p>', 52000.00, 13000.00, 59, '2024-03-28 10:30:48');
INSERT INTO `sanpham` VALUES (5, 1, 'Táo Mỹ 5', '<h2><strong>What is Lorem Ipsum?</strong></h2><p><strong>Lorem Ipsum</strong>&nbsp;is simply dummy text of the printing and typesetting industry. Lorem Ipsum has been the industry’s standard dummy text ever since the 1500s, when an unknown printer took a galley of type and scrambled it to make a type specimen book. It has survived not only five centuries, but also the leap into electronic typesetting, remaining essentially unchanged. It was popularised in the 1960s with the release of Letraset sheets containing Lorem Ipsum passages, and more recently with desktop publishing software like Aldus PageMaker including versions of Lorem Ipsum.</p><h2><strong>Why do we use it?</strong></h2><p>It is a long established fact that a reader will be distracted by the readable content of a page when looking at its layout. The point of using Lorem Ipsum is that it has a more-or-less normal distribution of letters, as opposed to using ‘Content here, content here’, making it look like readable English. Many desktop publishing packages and web page editors now use Lorem Ipsum as their default model text, and a search for ‘lorem ipsum’ will uncover many web sites still in their infancy. Various versions have evolved over the years, sometimes by accident, sometimes on purpose (injected humour and the like).</p><h3><strong>Where does it come from?</strong></h3><p>Contrary to popular belief, Lorem Ipsum is not simply random text. It has roots in a piece of classical Latin literature from 45 BC, making it over 2000 years old. Richard McClintock, a Latin professor at Hampden-Sydney College in Virginia, looked up one of the more obscure Latin words, consectetur, from a Lorem Ipsum passage, and going through the cites of the word in classical literature, discovered the undoubtable source. Lorem Ipsum comes from sections 1.10.32 and 1.10.33 of “de Finibus Bonorum et Malorum” (The Extremes of Good and Evil) by Cicero, written in 45 BC. This book is a treatise on the theory of ethics, very popular during the Renaissance. The first line of Lorem Ipsum, “Lorem ipsum dolor sit amet..”, comes from a line in section 1.10.32.</p><p>The standard chunk of Lorem Ipsum used since the 1500s is reproduced below for those interested. Sections 1.10.32 and 1.10.33 from “de Finibus Bonorum et Malorum” by Cicero are also reproduced in their exact original form, accompanied by English versions from the 1914 translation by H. Rackham.</p><h2><strong>Where can I get some?</strong></h2><p>There are many variations of passages of Lorem Ipsum available, but the majority have suffered alteration in some form, by injected humour, or randomised words which don’t look even slightly believable. If you are going to use a passage of Lorem Ipsum, you need to be sure there isn’t anything embarrassing hidden in the middle of text. All the Lorem Ipsum generators on the Internet tend to repeat predefined chunks as necessary, making this the first true generator on the Internet. It uses a dictionary of over 200 Latin words, combined with a handful of model sentence structures, to generate Lorem Ipsum which looks reasonable. The generated Lorem Ipsum is therefore always free from repetition, injected humour, or non-characteristic words etc.</p>', 52000.00, 13000.00, 61, '2024-03-28 10:30:48');
INSERT INTO `sanpham` VALUES (6, 2, 'Táo Mỹ 6', '<h2><strong>What is Lorem Ipsum?</strong></h2><p><strong>Lorem Ipsum</strong>&nbsp;is simply dummy text of the printing and typesetting industry. Lorem Ipsum has been the industry’s standard dummy text ever since the 1500s, when an unknown printer took a galley of type and scrambled it to make a type specimen book. It has survived not only five centuries, but also the leap into electronic typesetting, remaining essentially unchanged. It was popularised in the 1960s with the release of Letraset sheets containing Lorem Ipsum passages, and more recently with desktop publishing software like Aldus PageMaker including versions of Lorem Ipsum.</p><h2><strong>Why do we use it?</strong></h2><p>It is a long established fact that a reader will be distracted by the readable content of a page when looking at its layout. The point of using Lorem Ipsum is that it has a more-or-less normal distribution of letters, as opposed to using ‘Content here, content here’, making it look like readable English. Many desktop publishing packages and web page editors now use Lorem Ipsum as their default model text, and a search for ‘lorem ipsum’ will uncover many web sites still in their infancy. Various versions have evolved over the years, sometimes by accident, sometimes on purpose (injected humour and the like).</p><h3><strong>Where does it come from?</strong></h3><p>Contrary to popular belief, Lorem Ipsum is not simply random text. It has roots in a piece of classical Latin literature from 45 BC, making it over 2000 years old. Richard McClintock, a Latin professor at Hampden-Sydney College in Virginia, looked up one of the more obscure Latin words, consectetur, from a Lorem Ipsum passage, and going through the cites of the word in classical literature, discovered the undoubtable source. Lorem Ipsum comes from sections 1.10.32 and 1.10.33 of “de Finibus Bonorum et Malorum” (The Extremes of Good and Evil) by Cicero, written in 45 BC. This book is a treatise on the theory of ethics, very popular during the Renaissance. The first line of Lorem Ipsum, “Lorem ipsum dolor sit amet..”, comes from a line in section 1.10.32.</p><p>The standard chunk of Lorem Ipsum used since the 1500s is reproduced below for those interested. Sections 1.10.32 and 1.10.33 from “de Finibus Bonorum et Malorum” by Cicero are also reproduced in their exact original form, accompanied by English versions from the 1914 translation by H. Rackham.</p><h2><strong>Where can I get some?</strong></h2><p>There are many variations of passages of Lorem Ipsum available, but the majority have suffered alteration in some form, by injected humour, or randomised words which don’t look even slightly believable. If you are going to use a passage of Lorem Ipsum, you need to be sure there isn’t anything embarrassing hidden in the middle of text. All the Lorem Ipsum generators on the Internet tend to repeat predefined chunks as necessary, making this the first true generator on the Internet. It uses a dictionary of over 200 Latin words, combined with a handful of model sentence structures, to generate Lorem Ipsum which looks reasonable. The generated Lorem Ipsum is therefore always free from repetition, injected humour, or non-characteristic words etc.</p>', 52000.00, 13000.00, 62, '2024-03-28 10:30:48');

-- ----------------------------
-- Table structure for slide
-- ----------------------------
DROP TABLE IF EXISTS `slide`;
CREATE TABLE `slide`  (
  `id` int NOT NULL AUTO_INCREMENT,
  `image` varchar(255) CHARACTER SET utf8mb4 COLLATE utf8mb4_unicode_ci NULL DEFAULT NULL,
  PRIMARY KEY (`id`) USING BTREE
) ENGINE = InnoDB AUTO_INCREMENT = 6 CHARACTER SET = utf8mb4 COLLATE = utf8mb4_unicode_ci ROW_FORMAT = Dynamic;

-- ----------------------------
-- Records of slide
-- ----------------------------
INSERT INTO `slide` VALUES (2, 'slidesp_1711762533867_0.jpg');
INSERT INTO `slide` VALUES (3, 'slidesp_1711762540471_1.jpg');
INSERT INTO `slide` VALUES (4, 'slidesp_1711762568787_2.jpg');
INSERT INTO `slide` VALUES (5, 'slidesp_1711762582992_3.jpg');

-- ----------------------------
-- Table structure for tintuc
-- ----------------------------
DROP TABLE IF EXISTS `tintuc`;
CREATE TABLE `tintuc`  (
  `id` int NOT NULL AUTO_INCREMENT,
  `nhanVien_id` int NULL DEFAULT NULL,
  `image` varchar(255) CHARACTER SET utf8mb4 COLLATE utf8mb4_unicode_ci NULL DEFAULT NULL,
  `tieuDe` varchar(255) CHARACTER SET utf8mb4 COLLATE utf8mb4_unicode_ci NULL DEFAULT NULL,
  `noiDung` text CHARACTER SET utf8mb4 COLLATE utf8mb4_unicode_ci NULL,
  `ngayTao` datetime NULL DEFAULT CURRENT_TIMESTAMP,
  PRIMARY KEY (`id`) USING BTREE,
  INDEX `nhanVien_id`(`nhanVien_id` ASC) USING BTREE,
  CONSTRAINT `tintuc_ibfk_1` FOREIGN KEY (`nhanVien_id`) REFERENCES `nhanvien` (`id`) ON DELETE CASCADE ON UPDATE CASCADE
) ENGINE = InnoDB AUTO_INCREMENT = 8 CHARACTER SET = utf8mb4 COLLATE = utf8mb4_unicode_ci ROW_FORMAT = Dynamic;

-- ----------------------------
-- Records of tintuc
-- ----------------------------
INSERT INTO `tintuc` VALUES (1, 2, 'tintucsp_1711728809519_1.jpg', '5 BEST FRUITS TO MAKE YOU FRESH AND HEALTHY', '<p>Bên trong hộp Tecno Spark 20 Pro Plus có gì?</p><p>Trước khi chúng ta trên tay Teco Spark 20 Pro Plus thì các bạn hãy cùng mình mở hộp em nó trước nhé, Tecno vẫn giữ cách đóng hộp quen thuộc với tông trắng nửa trên và màu da cam ở bên dưới hộp ở phía trước hộp chúng ta có tên máy khá là đơn giản.</p><p>Mở hộp Tecno Spark 20 Pro Plus</p><p>Tecno vô cùng chu đáo với người dùng khi trang bị đầy đủ phụ kiện cần thiết ở bên trong máy. Cơ bản nhất là que chọc SIM sau đó là sách hướng dẫn sử dụng.</p><p><br></p><p>Mở hộp Tecno Spark 20 Pro Plus</p><p>Tiếp đến là củ và cáp sạc theo máy, tai nghe với jack cắm 3.5mm và ốp lưng trong suốt để bảo vệ thiết bị.</p><p>Củ và cáp sạc của Tecno Spark 20 Pro Plus</p><p>Không những thế, hãng còn tặng thêm cho người dùng sticker Mobile Legend để trang trí máy hoặc dán ở đâu đó và bộ cường lực màn hình cong với khăn lau và miếng hút bụi. Có thể nói với mức giá hơn 5 triệu một chút, chúng ta có được đầy đủ phụ kiện đi kèm phải nói, Tecno rất là chu đáo với người dùng.</p><p>Khi mua Tecno Spark 20 Pro Plus được tặng kèm theo cả cường lực</p><p>Khi mua Tecno Spark 20 Pro Plus được tặng kèm theo cả cường lực</p><p>Thiết kế và ngoại hình của Tecno Spark 20 Pro Plus</p><p>Thiết kế chính là điểm cộng đầu tiên và lớn nhất của Tecno Spark 20 Pro Plus, em nó sẽ dành cho những bạn đang tìm kiếm cho mình một thiết bị có ngoại hình độc đáo, sang trọng và đặc biệt là yêu thích màn hình cong trong phân khúc tầm trung.</p><p>Thiết kế và ngoại hình của Tecno Spark 20 Pro Plus</p><p>Khi cầm trên tay Tecno Spark 20 Pro Plus, mình không nghĩ đây là một thiết bị giá 5 triệu mà sở hữu một ngoại hình như những thiết bị cao cấp và cận cao cấp đúng không? Viền máy bóng bẩy, mỏng nhẹ, cụm camera to trông rất là chuyên nghiệp và màn hình cong ấn tượng.</p><p>Có thể nói trông thiết bị khác với những chiếc smartphone đến từ nhà Tecno gần đây, mỏng hơn, nhẹ hơn, sang trọng hơn và trông đầy cảm hứng hơn.</p><p>Trên tay Tecno Spark 20 Pro Plus&nbsp;</p><p>Tecno Spark 20 Pro Plus ra mắt với hai màu trắng và đen, mình thấy thích màu trắng hơn trông em nó thanh lịch và thu hút hơn hẳn, chỗ cụm camera thiết bị sẽ có thêm một dải vân cẩm thạch trông rất là độc đáo, màu đen thì cũng đẹp, thanh lịch nhưng cá nhân mình thấy hơi chìm, màu này sẽ hợp hơn với những bạn yêu thích sự tối giản, bí ẩn một chút.</p><p>Thiết kế và ngoại hình của Tecno Spark 20 Pro Plus</p><p>Tecno Spark 20 Pro Plus được hoàn thiện hoàn toàn bằng nhựa nên trọng lượng của thiết bị khá là nhẹ nhàng chỉ 179g, kích thước tổng thể 164.7 x 75 x 7.6 mm cực kỳ mỏng nhẹ tuy màn hình hơi to nhưng cảm giác cầm nắm thoải mái không quá nặng tay.</p><p>Tecno Spark 20 Pro Plus có ngoại hình mỏng nhẹ</p><p>Các cạnh của máy được mạ bóng để làm Tecno Spark 20 Pro Plus trông đẹp mắt hơn, có thể thấy bên trên là nơi đặt loa ngoài thứ nhất và mic thu âm. Em nó còn được trang bị chuẩn kháng nước, bụi IP53 gia tăng độ bền của người sử dụng.</p><p>Các cạnh bên của Tecno Spark 20 Pro Plus</p><p>Cạnh dưới là nơi đặt loa ngoài thứ 2 đạt chuẩn Hi RES Audio với mức âm lượng lên đến 400% nhờ đó mà người dùng có trải nghiệm nghe nhạc, xem phim giải trí hấp dẫn hơn, chúng ta sẽ có thêm cổng sạc USB - C, mic thoại và khe SIM.</p><p><br></p><p>Cạnh trái của Tecno Spark 20 Pro Plus được để trống, cạnh phải đặt nút nguồn và tăng/giảm âm lượng.</p><p><br></p><p>Quay đến mặt lưng của máy, do được làm dạng bóng nên cầm nắm khá là trơn, cụm camera của thiết bị được làm hình tròn thay vì hình vuông như những chiếc máy Tecno ra mắt trước đó. Phải nói nhìn từ mặt sau trông em nó rất là nổi bật, làm mình nhớ đến OnePlus 11.</p><p>Cụm camera của Tecno Spark 20 Pro Plus</p><p>Camera</p><p>Về thông số camera thì Tecno Spark 20 Pro Plus được trang bị camera chính độ phân giải 108MP, Macro 2MP đi kèm với đó là những tính năng phụ trợ như siêu ban đêm, chụp chân dung... Ngoài ra thiết bị còn hỗ trợ thêm tính năng quay phim 2K.</p><p><br></p><p>Một số hình ảnh chụp nhanh từ thiết bị:</p><p>Ảnh chụp từ Tecno Spark 20 Pro Plus</p><p><br></p><p><br></p><p><br></p><p>Ảnh chụp từ Tecno Spark 20 Pro Plus</p><p>Màn hình&nbsp;</p><p>Tecno Spark 20 Pro Plus được trang bị màn hình cong kích thước lớn 6.78 inch với camera selfie dạng đục lỗ 32MP. Có thể nói Trong tầm giá 5 triệu hơn hiếm có thiết bị nào được trang bị màn hình cong như thế, đa phần sẽ dùng màn hình phẳng thường thấy. Dĩ nhiên, viền trên và viền dưới của màn hình vẫn còn trông khá là dày.</p><p>Màn hình cong trên Tecno Spark 20 Pro Plus</p><p><br></p><p><br></p><p>Không chỉ là cụm camera nốt ruồi bình thường, mà \"nốt ruồi\" này còn có thể biến thành \"Dynamic isLand\". Nói vậy thôi chứ tính năng này trên Tecno Spark 20 Pro gọi là màn hình Dynamic Port khá là thú vị.</p><p>Dynamic port trên Tecno Spark 20 Pro plus</p><p>Về khả năng hiển thị thì Tecno Spark 20 Pro Plus được trang bị màn hình AMOLED, độ phân giải FullHD+ (1,080 x 2,436 pixels pixels), tần số quét 120Hz, độ sáng 1000 nits. Bao nhiêu thông số đó cũng đủ cho thấy thiết bị mang đến trải nghiệm giải trí, xem phim, chơi game với màu sắc hấp dẫn đẹp mắt, trải nghiệm vuốt chạm mượt mà.</p><p>Trải nghiệm xem phim trên Tecno Spark 20 Pro Plus</p><p>Hiệu năng, phần mềm và pin</p><p>Về phần cấu hình thì thiết bị được trang bị con chip Helio G99 Ultimate - Phiên bản cải tiến hơn của Helio G99, nhân đồ hoạ Mali-G57 MC2, chạy trên nền tảng Android 14, giao diện HiOS 13, RAM 8GB, bộ nhớ trong 256GB.</p><p><br></p><p>Theo kiểm tra hiệu năng từ ứng dụng Antutu Benchmark V10 thì em nó đạt 402,771 điểm, Geekbench 6 là 563 điểm đơn nhân, 1,722 điểm đa nhân.</p><p><br></p><p>Tecno Spark 20 Pro Plus</p><p>Mình có trải nghiệm nhanh hiệu năng của em nó thì thiết bị chơi được Tốc Chiến, PUBG: Mobile với mức đồ hoạ trung bình cao cũng khá là tốt.</p><p>Trải nghiệm chơi game trên Tecno Spark 20 Pro Plus</p><p>Máy còn được tích hợp cảm biến vân tay bên trong màn hình, một thứ hiếm hoi trong phân khúc 5 triệu đồng. Về dung lượng pin thì thiết bị được trang bị viên pin dung lượng 5,000 mAh vừa đủ để người dùng sử dụng trong một ngày, đi kèm với đó là sạc nhanh công suất 33W giúp tiết kiệm thời gian sạc pin của người dùng.</p><p>Tecno Spark 20 Pro PlusCó nên mua Tecno Spark 20 Pro Plus?</p><p>Các bạn thấy sao về chiếc smartphone nhà Tecno này? Mình thấy em nó sẽ là chiếc smartphone nổi bật trong phân khúc tầm trung khi đây là thiết bị sở hữu một thiết kế đẹp mắt, sang trọng với màn hình cong ấn tượng, mỏng nhẹ vô cùng thời trang, cấu hình tốt, đủ để chơi nhiều tựa game trên thị trường, camera độ phân giải cao.</p><p>Tecno Spark 20 Pro Plus có mức giá niêm yết tại thị trường Việt Nam là 5.49 triệu. Tuy nhiên, sản phẩm có mức giá cực kỳ ưu đãi tại CellphoneS. Cụ thể, em nó đang có giá khuyến mãi là 4,890,000 đồng (giảm trực tiếp 600,000 đồng). Ngoài ra, người dùng còn nhận thêm ưu đãi Tặng Pin dự phòng BASEUS AIRPOW FAST CHARGE 20000MAh cho 100 suất đặt hàng đầu tiên và có thể quy đổi thành 300,000 đồng. Như vậy, mức giá trừ hết ưu đãi cho 100 khách hàng đầu tiên chỉ là 4.59 triệu đồng. Có thể nói đây là một mức giá cực kỳ hời dành cho một chiếc máy có chất lượng cao như này.</p>', '2024-03-30 21:22:13');
INSERT INTO `tintuc` VALUES (2, 2, 'tintucsp_1711728809519_1.jpg', '5 BEST FRUITS TO MAKE YOU FRESH AND HEALTHY', '<p>Bên trong hộp Tecno Spark 20 Pro Plus có gì?</p><p>Trước khi chúng ta trên tay Teco Spark 20 Pro Plus thì các bạn hãy cùng mình mở hộp em nó trước nhé, Tecno vẫn giữ cách đóng hộp quen thuộc với tông trắng nửa trên và màu da cam ở bên dưới hộp ở phía trước hộp chúng ta có tên máy khá là đơn giản.</p><p>Mở hộp Tecno Spark 20 Pro Plus</p><p>Tecno vô cùng chu đáo với người dùng khi trang bị đầy đủ phụ kiện cần thiết ở bên trong máy. Cơ bản nhất là que chọc SIM sau đó là sách hướng dẫn sử dụng.</p><p><br></p><p>Mở hộp Tecno Spark 20 Pro Plus</p><p>Tiếp đến là củ và cáp sạc theo máy, tai nghe với jack cắm 3.5mm và ốp lưng trong suốt để bảo vệ thiết bị.</p><p>Củ và cáp sạc của Tecno Spark 20 Pro Plus</p><p>Không những thế, hãng còn tặng thêm cho người dùng sticker Mobile Legend để trang trí máy hoặc dán ở đâu đó và bộ cường lực màn hình cong với khăn lau và miếng hút bụi. Có thể nói với mức giá hơn 5 triệu một chút, chúng ta có được đầy đủ phụ kiện đi kèm phải nói, Tecno rất là chu đáo với người dùng.</p><p>Khi mua Tecno Spark 20 Pro Plus được tặng kèm theo cả cường lực</p><p>Khi mua Tecno Spark 20 Pro Plus được tặng kèm theo cả cường lực</p><p>Thiết kế và ngoại hình của Tecno Spark 20 Pro Plus</p><p>Thiết kế chính là điểm cộng đầu tiên và lớn nhất của Tecno Spark 20 Pro Plus, em nó sẽ dành cho những bạn đang tìm kiếm cho mình một thiết bị có ngoại hình độc đáo, sang trọng và đặc biệt là yêu thích màn hình cong trong phân khúc tầm trung.</p><p>Thiết kế và ngoại hình của Tecno Spark 20 Pro Plus</p><p>Khi cầm trên tay Tecno Spark 20 Pro Plus, mình không nghĩ đây là một thiết bị giá 5 triệu mà sở hữu một ngoại hình như những thiết bị cao cấp và cận cao cấp đúng không? Viền máy bóng bẩy, mỏng nhẹ, cụm camera to trông rất là chuyên nghiệp và màn hình cong ấn tượng.</p><p>Có thể nói trông thiết bị khác với những chiếc smartphone đến từ nhà Tecno gần đây, mỏng hơn, nhẹ hơn, sang trọng hơn và trông đầy cảm hứng hơn.</p><p>Trên tay Tecno Spark 20 Pro Plus&nbsp;</p><p>Tecno Spark 20 Pro Plus ra mắt với hai màu trắng và đen, mình thấy thích màu trắng hơn trông em nó thanh lịch và thu hút hơn hẳn, chỗ cụm camera thiết bị sẽ có thêm một dải vân cẩm thạch trông rất là độc đáo, màu đen thì cũng đẹp, thanh lịch nhưng cá nhân mình thấy hơi chìm, màu này sẽ hợp hơn với những bạn yêu thích sự tối giản, bí ẩn một chút.</p><p>Thiết kế và ngoại hình của Tecno Spark 20 Pro Plus</p><p>Tecno Spark 20 Pro Plus được hoàn thiện hoàn toàn bằng nhựa nên trọng lượng của thiết bị khá là nhẹ nhàng chỉ 179g, kích thước tổng thể 164.7 x 75 x 7.6 mm cực kỳ mỏng nhẹ tuy màn hình hơi to nhưng cảm giác cầm nắm thoải mái không quá nặng tay.</p><p>Tecno Spark 20 Pro Plus có ngoại hình mỏng nhẹ</p><p>Các cạnh của máy được mạ bóng để làm Tecno Spark 20 Pro Plus trông đẹp mắt hơn, có thể thấy bên trên là nơi đặt loa ngoài thứ nhất và mic thu âm. Em nó còn được trang bị chuẩn kháng nước, bụi IP53 gia tăng độ bền của người sử dụng.</p><p>Các cạnh bên của Tecno Spark 20 Pro Plus</p><p>Cạnh dưới là nơi đặt loa ngoài thứ 2 đạt chuẩn Hi RES Audio với mức âm lượng lên đến 400% nhờ đó mà người dùng có trải nghiệm nghe nhạc, xem phim giải trí hấp dẫn hơn, chúng ta sẽ có thêm cổng sạc USB - C, mic thoại và khe SIM.</p><p><br></p><p>Cạnh trái của Tecno Spark 20 Pro Plus được để trống, cạnh phải đặt nút nguồn và tăng/giảm âm lượng.</p><p><br></p><p>Quay đến mặt lưng của máy, do được làm dạng bóng nên cầm nắm khá là trơn, cụm camera của thiết bị được làm hình tròn thay vì hình vuông như những chiếc máy Tecno ra mắt trước đó. Phải nói nhìn từ mặt sau trông em nó rất là nổi bật, làm mình nhớ đến OnePlus 11.</p><p>Cụm camera của Tecno Spark 20 Pro Plus</p><p>Camera</p><p>Về thông số camera thì Tecno Spark 20 Pro Plus được trang bị camera chính độ phân giải 108MP, Macro 2MP đi kèm với đó là những tính năng phụ trợ như siêu ban đêm, chụp chân dung... Ngoài ra thiết bị còn hỗ trợ thêm tính năng quay phim 2K.</p><p><br></p><p>Một số hình ảnh chụp nhanh từ thiết bị:</p><p>Ảnh chụp từ Tecno Spark 20 Pro Plus</p><p><br></p><p><br></p><p><br></p><p>Ảnh chụp từ Tecno Spark 20 Pro Plus</p><p>Màn hình&nbsp;</p><p>Tecno Spark 20 Pro Plus được trang bị màn hình cong kích thước lớn 6.78 inch với camera selfie dạng đục lỗ 32MP. Có thể nói Trong tầm giá 5 triệu hơn hiếm có thiết bị nào được trang bị màn hình cong như thế, đa phần sẽ dùng màn hình phẳng thường thấy. Dĩ nhiên, viền trên và viền dưới của màn hình vẫn còn trông khá là dày.</p><p>Màn hình cong trên Tecno Spark 20 Pro Plus</p><p><br></p><p><br></p><p>Không chỉ là cụm camera nốt ruồi bình thường, mà \"nốt ruồi\" này còn có thể biến thành \"Dynamic isLand\". Nói vậy thôi chứ tính năng này trên Tecno Spark 20 Pro gọi là màn hình Dynamic Port khá là thú vị.</p><p>Dynamic port trên Tecno Spark 20 Pro plus</p><p>Về khả năng hiển thị thì Tecno Spark 20 Pro Plus được trang bị màn hình AMOLED, độ phân giải FullHD+ (1,080 x 2,436 pixels pixels), tần số quét 120Hz, độ sáng 1000 nits. Bao nhiêu thông số đó cũng đủ cho thấy thiết bị mang đến trải nghiệm giải trí, xem phim, chơi game với màu sắc hấp dẫn đẹp mắt, trải nghiệm vuốt chạm mượt mà.</p><p>Trải nghiệm xem phim trên Tecno Spark 20 Pro Plus</p><p>Hiệu năng, phần mềm và pin</p><p>Về phần cấu hình thì thiết bị được trang bị con chip Helio G99 Ultimate - Phiên bản cải tiến hơn của Helio G99, nhân đồ hoạ Mali-G57 MC2, chạy trên nền tảng Android 14, giao diện HiOS 13, RAM 8GB, bộ nhớ trong 256GB.</p><p><br></p><p>Theo kiểm tra hiệu năng từ ứng dụng Antutu Benchmark V10 thì em nó đạt 402,771 điểm, Geekbench 6 là 563 điểm đơn nhân, 1,722 điểm đa nhân.</p><p><br></p><p>Tecno Spark 20 Pro Plus</p><p>Mình có trải nghiệm nhanh hiệu năng của em nó thì thiết bị chơi được Tốc Chiến, PUBG: Mobile với mức đồ hoạ trung bình cao cũng khá là tốt.</p><p>Trải nghiệm chơi game trên Tecno Spark 20 Pro Plus</p><p>Máy còn được tích hợp cảm biến vân tay bên trong màn hình, một thứ hiếm hoi trong phân khúc 5 triệu đồng. Về dung lượng pin thì thiết bị được trang bị viên pin dung lượng 5,000 mAh vừa đủ để người dùng sử dụng trong một ngày, đi kèm với đó là sạc nhanh công suất 33W giúp tiết kiệm thời gian sạc pin của người dùng.</p><p>Tecno Spark 20 Pro PlusCó nên mua Tecno Spark 20 Pro Plus?</p><p>Các bạn thấy sao về chiếc smartphone nhà Tecno này? Mình thấy em nó sẽ là chiếc smartphone nổi bật trong phân khúc tầm trung khi đây là thiết bị sở hữu một thiết kế đẹp mắt, sang trọng với màn hình cong ấn tượng, mỏng nhẹ vô cùng thời trang, cấu hình tốt, đủ để chơi nhiều tựa game trên thị trường, camera độ phân giải cao.</p><p>Tecno Spark 20 Pro Plus có mức giá niêm yết tại thị trường Việt Nam là 5.49 triệu. Tuy nhiên, sản phẩm có mức giá cực kỳ ưu đãi tại CellphoneS. Cụ thể, em nó đang có giá khuyến mãi là 4,890,000 đồng (giảm trực tiếp 600,000 đồng). Ngoài ra, người dùng còn nhận thêm ưu đãi Tặng Pin dự phòng BASEUS AIRPOW FAST CHARGE 20000MAh cho 100 suất đặt hàng đầu tiên và có thể quy đổi thành 300,000 đồng. Như vậy, mức giá trừ hết ưu đãi cho 100 khách hàng đầu tiên chỉ là 4.59 triệu đồng. Có thể nói đây là một mức giá cực kỳ hời dành cho một chiếc máy có chất lượng cao như này.</p>', '2024-03-30 21:22:13');
INSERT INTO `tintuc` VALUES (3, 2, 'tintucsp_1711728809519_1.jpg', '5 BEST FRUITS TO MAKE YOU FRESH AND HEALTHY', '<p>Bên trong hộp Tecno Spark 20 Pro Plus có gì?</p><p>Trước khi chúng ta trên tay Teco Spark 20 Pro Plus thì các bạn hãy cùng mình mở hộp em nó trước nhé, Tecno vẫn giữ cách đóng hộp quen thuộc với tông trắng nửa trên và màu da cam ở bên dưới hộp ở phía trước hộp chúng ta có tên máy khá là đơn giản.</p><p>Mở hộp Tecno Spark 20 Pro Plus</p><p>Tecno vô cùng chu đáo với người dùng khi trang bị đầy đủ phụ kiện cần thiết ở bên trong máy. Cơ bản nhất là que chọc SIM sau đó là sách hướng dẫn sử dụng.</p><p><br></p><p>Mở hộp Tecno Spark 20 Pro Plus</p><p>Tiếp đến là củ và cáp sạc theo máy, tai nghe với jack cắm 3.5mm và ốp lưng trong suốt để bảo vệ thiết bị.</p><p>Củ và cáp sạc của Tecno Spark 20 Pro Plus</p><p>Không những thế, hãng còn tặng thêm cho người dùng sticker Mobile Legend để trang trí máy hoặc dán ở đâu đó và bộ cường lực màn hình cong với khăn lau và miếng hút bụi. Có thể nói với mức giá hơn 5 triệu một chút, chúng ta có được đầy đủ phụ kiện đi kèm phải nói, Tecno rất là chu đáo với người dùng.</p><p>Khi mua Tecno Spark 20 Pro Plus được tặng kèm theo cả cường lực</p><p>Khi mua Tecno Spark 20 Pro Plus được tặng kèm theo cả cường lực</p><p>Thiết kế và ngoại hình của Tecno Spark 20 Pro Plus</p><p>Thiết kế chính là điểm cộng đầu tiên và lớn nhất của Tecno Spark 20 Pro Plus, em nó sẽ dành cho những bạn đang tìm kiếm cho mình một thiết bị có ngoại hình độc đáo, sang trọng và đặc biệt là yêu thích màn hình cong trong phân khúc tầm trung.</p><p>Thiết kế và ngoại hình của Tecno Spark 20 Pro Plus</p><p>Khi cầm trên tay Tecno Spark 20 Pro Plus, mình không nghĩ đây là một thiết bị giá 5 triệu mà sở hữu một ngoại hình như những thiết bị cao cấp và cận cao cấp đúng không? Viền máy bóng bẩy, mỏng nhẹ, cụm camera to trông rất là chuyên nghiệp và màn hình cong ấn tượng.</p><p>Có thể nói trông thiết bị khác với những chiếc smartphone đến từ nhà Tecno gần đây, mỏng hơn, nhẹ hơn, sang trọng hơn và trông đầy cảm hứng hơn.</p><p>Trên tay Tecno Spark 20 Pro Plus&nbsp;</p><p>Tecno Spark 20 Pro Plus ra mắt với hai màu trắng và đen, mình thấy thích màu trắng hơn trông em nó thanh lịch và thu hút hơn hẳn, chỗ cụm camera thiết bị sẽ có thêm một dải vân cẩm thạch trông rất là độc đáo, màu đen thì cũng đẹp, thanh lịch nhưng cá nhân mình thấy hơi chìm, màu này sẽ hợp hơn với những bạn yêu thích sự tối giản, bí ẩn một chút.</p><p>Thiết kế và ngoại hình của Tecno Spark 20 Pro Plus</p><p>Tecno Spark 20 Pro Plus được hoàn thiện hoàn toàn bằng nhựa nên trọng lượng của thiết bị khá là nhẹ nhàng chỉ 179g, kích thước tổng thể 164.7 x 75 x 7.6 mm cực kỳ mỏng nhẹ tuy màn hình hơi to nhưng cảm giác cầm nắm thoải mái không quá nặng tay.</p><p>Tecno Spark 20 Pro Plus có ngoại hình mỏng nhẹ</p><p>Các cạnh của máy được mạ bóng để làm Tecno Spark 20 Pro Plus trông đẹp mắt hơn, có thể thấy bên trên là nơi đặt loa ngoài thứ nhất và mic thu âm. Em nó còn được trang bị chuẩn kháng nước, bụi IP53 gia tăng độ bền của người sử dụng.</p><p>Các cạnh bên của Tecno Spark 20 Pro Plus</p><p>Cạnh dưới là nơi đặt loa ngoài thứ 2 đạt chuẩn Hi RES Audio với mức âm lượng lên đến 400% nhờ đó mà người dùng có trải nghiệm nghe nhạc, xem phim giải trí hấp dẫn hơn, chúng ta sẽ có thêm cổng sạc USB - C, mic thoại và khe SIM.</p><p><br></p><p>Cạnh trái của Tecno Spark 20 Pro Plus được để trống, cạnh phải đặt nút nguồn và tăng/giảm âm lượng.</p><p><br></p><p>Quay đến mặt lưng của máy, do được làm dạng bóng nên cầm nắm khá là trơn, cụm camera của thiết bị được làm hình tròn thay vì hình vuông như những chiếc máy Tecno ra mắt trước đó. Phải nói nhìn từ mặt sau trông em nó rất là nổi bật, làm mình nhớ đến OnePlus 11.</p><p>Cụm camera của Tecno Spark 20 Pro Plus</p><p>Camera</p><p>Về thông số camera thì Tecno Spark 20 Pro Plus được trang bị camera chính độ phân giải 108MP, Macro 2MP đi kèm với đó là những tính năng phụ trợ như siêu ban đêm, chụp chân dung... Ngoài ra thiết bị còn hỗ trợ thêm tính năng quay phim 2K.</p><p><br></p><p>Một số hình ảnh chụp nhanh từ thiết bị:</p><p>Ảnh chụp từ Tecno Spark 20 Pro Plus</p><p><br></p><p><br></p><p><br></p><p>Ảnh chụp từ Tecno Spark 20 Pro Plus</p><p>Màn hình&nbsp;</p><p>Tecno Spark 20 Pro Plus được trang bị màn hình cong kích thước lớn 6.78 inch với camera selfie dạng đục lỗ 32MP. Có thể nói Trong tầm giá 5 triệu hơn hiếm có thiết bị nào được trang bị màn hình cong như thế, đa phần sẽ dùng màn hình phẳng thường thấy. Dĩ nhiên, viền trên và viền dưới của màn hình vẫn còn trông khá là dày.</p><p>Màn hình cong trên Tecno Spark 20 Pro Plus</p><p><br></p><p><br></p><p>Không chỉ là cụm camera nốt ruồi bình thường, mà \"nốt ruồi\" này còn có thể biến thành \"Dynamic isLand\". Nói vậy thôi chứ tính năng này trên Tecno Spark 20 Pro gọi là màn hình Dynamic Port khá là thú vị.</p><p>Dynamic port trên Tecno Spark 20 Pro plus</p><p>Về khả năng hiển thị thì Tecno Spark 20 Pro Plus được trang bị màn hình AMOLED, độ phân giải FullHD+ (1,080 x 2,436 pixels pixels), tần số quét 120Hz, độ sáng 1000 nits. Bao nhiêu thông số đó cũng đủ cho thấy thiết bị mang đến trải nghiệm giải trí, xem phim, chơi game với màu sắc hấp dẫn đẹp mắt, trải nghiệm vuốt chạm mượt mà.</p><p>Trải nghiệm xem phim trên Tecno Spark 20 Pro Plus</p><p>Hiệu năng, phần mềm và pin</p><p>Về phần cấu hình thì thiết bị được trang bị con chip Helio G99 Ultimate - Phiên bản cải tiến hơn của Helio G99, nhân đồ hoạ Mali-G57 MC2, chạy trên nền tảng Android 14, giao diện HiOS 13, RAM 8GB, bộ nhớ trong 256GB.</p><p><br></p><p>Theo kiểm tra hiệu năng từ ứng dụng Antutu Benchmark V10 thì em nó đạt 402,771 điểm, Geekbench 6 là 563 điểm đơn nhân, 1,722 điểm đa nhân.</p><p><br></p><p>Tecno Spark 20 Pro Plus</p><p>Mình có trải nghiệm nhanh hiệu năng của em nó thì thiết bị chơi được Tốc Chiến, PUBG: Mobile với mức đồ hoạ trung bình cao cũng khá là tốt.</p><p>Trải nghiệm chơi game trên Tecno Spark 20 Pro Plus</p><p>Máy còn được tích hợp cảm biến vân tay bên trong màn hình, một thứ hiếm hoi trong phân khúc 5 triệu đồng. Về dung lượng pin thì thiết bị được trang bị viên pin dung lượng 5,000 mAh vừa đủ để người dùng sử dụng trong một ngày, đi kèm với đó là sạc nhanh công suất 33W giúp tiết kiệm thời gian sạc pin của người dùng.</p><p>Tecno Spark 20 Pro PlusCó nên mua Tecno Spark 20 Pro Plus?</p><p>Các bạn thấy sao về chiếc smartphone nhà Tecno này? Mình thấy em nó sẽ là chiếc smartphone nổi bật trong phân khúc tầm trung khi đây là thiết bị sở hữu một thiết kế đẹp mắt, sang trọng với màn hình cong ấn tượng, mỏng nhẹ vô cùng thời trang, cấu hình tốt, đủ để chơi nhiều tựa game trên thị trường, camera độ phân giải cao.</p><p>Tecno Spark 20 Pro Plus có mức giá niêm yết tại thị trường Việt Nam là 5.49 triệu. Tuy nhiên, sản phẩm có mức giá cực kỳ ưu đãi tại CellphoneS. Cụ thể, em nó đang có giá khuyến mãi là 4,890,000 đồng (giảm trực tiếp 600,000 đồng). Ngoài ra, người dùng còn nhận thêm ưu đãi Tặng Pin dự phòng BASEUS AIRPOW FAST CHARGE 20000MAh cho 100 suất đặt hàng đầu tiên và có thể quy đổi thành 300,000 đồng. Như vậy, mức giá trừ hết ưu đãi cho 100 khách hàng đầu tiên chỉ là 4.59 triệu đồng. Có thể nói đây là một mức giá cực kỳ hời dành cho một chiếc máy có chất lượng cao như này.</p>', '2024-03-30 21:22:13');
INSERT INTO `tintuc` VALUES (4, 2, 'tintucsp_1711728809519_1.jpg', '5 BEST FRUITS TO MAKE YOU FRESH AND HEALTHY', '<p>Bên trong hộp Tecno Spark 20 Pro Plus có gì?</p><p>Trước khi chúng ta trên tay Teco Spark 20 Pro Plus thì các bạn hãy cùng mình mở hộp em nó trước nhé, Tecno vẫn giữ cách đóng hộp quen thuộc với tông trắng nửa trên và màu da cam ở bên dưới hộp ở phía trước hộp chúng ta có tên máy khá là đơn giản.</p><p>Mở hộp Tecno Spark 20 Pro Plus</p><p>Tecno vô cùng chu đáo với người dùng khi trang bị đầy đủ phụ kiện cần thiết ở bên trong máy. Cơ bản nhất là que chọc SIM sau đó là sách hướng dẫn sử dụng.</p><p><br></p><p>Mở hộp Tecno Spark 20 Pro Plus</p><p>Tiếp đến là củ và cáp sạc theo máy, tai nghe với jack cắm 3.5mm và ốp lưng trong suốt để bảo vệ thiết bị.</p><p>Củ và cáp sạc của Tecno Spark 20 Pro Plus</p><p>Không những thế, hãng còn tặng thêm cho người dùng sticker Mobile Legend để trang trí máy hoặc dán ở đâu đó và bộ cường lực màn hình cong với khăn lau và miếng hút bụi. Có thể nói với mức giá hơn 5 triệu một chút, chúng ta có được đầy đủ phụ kiện đi kèm phải nói, Tecno rất là chu đáo với người dùng.</p><p>Khi mua Tecno Spark 20 Pro Plus được tặng kèm theo cả cường lực</p><p>Khi mua Tecno Spark 20 Pro Plus được tặng kèm theo cả cường lực</p><p>Thiết kế và ngoại hình của Tecno Spark 20 Pro Plus</p><p>Thiết kế chính là điểm cộng đầu tiên và lớn nhất của Tecno Spark 20 Pro Plus, em nó sẽ dành cho những bạn đang tìm kiếm cho mình một thiết bị có ngoại hình độc đáo, sang trọng và đặc biệt là yêu thích màn hình cong trong phân khúc tầm trung.</p><p>Thiết kế và ngoại hình của Tecno Spark 20 Pro Plus</p><p>Khi cầm trên tay Tecno Spark 20 Pro Plus, mình không nghĩ đây là một thiết bị giá 5 triệu mà sở hữu một ngoại hình như những thiết bị cao cấp và cận cao cấp đúng không? Viền máy bóng bẩy, mỏng nhẹ, cụm camera to trông rất là chuyên nghiệp và màn hình cong ấn tượng.</p><p>Có thể nói trông thiết bị khác với những chiếc smartphone đến từ nhà Tecno gần đây, mỏng hơn, nhẹ hơn, sang trọng hơn và trông đầy cảm hứng hơn.</p><p>Trên tay Tecno Spark 20 Pro Plus&nbsp;</p><p>Tecno Spark 20 Pro Plus ra mắt với hai màu trắng và đen, mình thấy thích màu trắng hơn trông em nó thanh lịch và thu hút hơn hẳn, chỗ cụm camera thiết bị sẽ có thêm một dải vân cẩm thạch trông rất là độc đáo, màu đen thì cũng đẹp, thanh lịch nhưng cá nhân mình thấy hơi chìm, màu này sẽ hợp hơn với những bạn yêu thích sự tối giản, bí ẩn một chút.</p><p>Thiết kế và ngoại hình của Tecno Spark 20 Pro Plus</p><p>Tecno Spark 20 Pro Plus được hoàn thiện hoàn toàn bằng nhựa nên trọng lượng của thiết bị khá là nhẹ nhàng chỉ 179g, kích thước tổng thể 164.7 x 75 x 7.6 mm cực kỳ mỏng nhẹ tuy màn hình hơi to nhưng cảm giác cầm nắm thoải mái không quá nặng tay.</p><p>Tecno Spark 20 Pro Plus có ngoại hình mỏng nhẹ</p><p>Các cạnh của máy được mạ bóng để làm Tecno Spark 20 Pro Plus trông đẹp mắt hơn, có thể thấy bên trên là nơi đặt loa ngoài thứ nhất và mic thu âm. Em nó còn được trang bị chuẩn kháng nước, bụi IP53 gia tăng độ bền của người sử dụng.</p><p>Các cạnh bên của Tecno Spark 20 Pro Plus</p><p>Cạnh dưới là nơi đặt loa ngoài thứ 2 đạt chuẩn Hi RES Audio với mức âm lượng lên đến 400% nhờ đó mà người dùng có trải nghiệm nghe nhạc, xem phim giải trí hấp dẫn hơn, chúng ta sẽ có thêm cổng sạc USB - C, mic thoại và khe SIM.</p><p><br></p><p>Cạnh trái của Tecno Spark 20 Pro Plus được để trống, cạnh phải đặt nút nguồn và tăng/giảm âm lượng.</p><p><br></p><p>Quay đến mặt lưng của máy, do được làm dạng bóng nên cầm nắm khá là trơn, cụm camera của thiết bị được làm hình tròn thay vì hình vuông như những chiếc máy Tecno ra mắt trước đó. Phải nói nhìn từ mặt sau trông em nó rất là nổi bật, làm mình nhớ đến OnePlus 11.</p><p>Cụm camera của Tecno Spark 20 Pro Plus</p><p>Camera</p><p>Về thông số camera thì Tecno Spark 20 Pro Plus được trang bị camera chính độ phân giải 108MP, Macro 2MP đi kèm với đó là những tính năng phụ trợ như siêu ban đêm, chụp chân dung... Ngoài ra thiết bị còn hỗ trợ thêm tính năng quay phim 2K.</p><p><br></p><p>Một số hình ảnh chụp nhanh từ thiết bị:</p><p>Ảnh chụp từ Tecno Spark 20 Pro Plus</p><p><br></p><p><br></p><p><br></p><p>Ảnh chụp từ Tecno Spark 20 Pro Plus</p><p>Màn hình&nbsp;</p><p>Tecno Spark 20 Pro Plus được trang bị màn hình cong kích thước lớn 6.78 inch với camera selfie dạng đục lỗ 32MP. Có thể nói Trong tầm giá 5 triệu hơn hiếm có thiết bị nào được trang bị màn hình cong như thế, đa phần sẽ dùng màn hình phẳng thường thấy. Dĩ nhiên, viền trên và viền dưới của màn hình vẫn còn trông khá là dày.</p><p>Màn hình cong trên Tecno Spark 20 Pro Plus</p><p><br></p><p><br></p><p>Không chỉ là cụm camera nốt ruồi bình thường, mà \"nốt ruồi\" này còn có thể biến thành \"Dynamic isLand\". Nói vậy thôi chứ tính năng này trên Tecno Spark 20 Pro gọi là màn hình Dynamic Port khá là thú vị.</p><p>Dynamic port trên Tecno Spark 20 Pro plus</p><p>Về khả năng hiển thị thì Tecno Spark 20 Pro Plus được trang bị màn hình AMOLED, độ phân giải FullHD+ (1,080 x 2,436 pixels pixels), tần số quét 120Hz, độ sáng 1000 nits. Bao nhiêu thông số đó cũng đủ cho thấy thiết bị mang đến trải nghiệm giải trí, xem phim, chơi game với màu sắc hấp dẫn đẹp mắt, trải nghiệm vuốt chạm mượt mà.</p><p>Trải nghiệm xem phim trên Tecno Spark 20 Pro Plus</p><p>Hiệu năng, phần mềm và pin</p><p>Về phần cấu hình thì thiết bị được trang bị con chip Helio G99 Ultimate - Phiên bản cải tiến hơn của Helio G99, nhân đồ hoạ Mali-G57 MC2, chạy trên nền tảng Android 14, giao diện HiOS 13, RAM 8GB, bộ nhớ trong 256GB.</p><p><br></p><p>Theo kiểm tra hiệu năng từ ứng dụng Antutu Benchmark V10 thì em nó đạt 402,771 điểm, Geekbench 6 là 563 điểm đơn nhân, 1,722 điểm đa nhân.</p><p><br></p><p>Tecno Spark 20 Pro Plus</p><p>Mình có trải nghiệm nhanh hiệu năng của em nó thì thiết bị chơi được Tốc Chiến, PUBG: Mobile với mức đồ hoạ trung bình cao cũng khá là tốt.</p><p>Trải nghiệm chơi game trên Tecno Spark 20 Pro Plus</p><p>Máy còn được tích hợp cảm biến vân tay bên trong màn hình, một thứ hiếm hoi trong phân khúc 5 triệu đồng. Về dung lượng pin thì thiết bị được trang bị viên pin dung lượng 5,000 mAh vừa đủ để người dùng sử dụng trong một ngày, đi kèm với đó là sạc nhanh công suất 33W giúp tiết kiệm thời gian sạc pin của người dùng.</p><p>Tecno Spark 20 Pro PlusCó nên mua Tecno Spark 20 Pro Plus?</p><p>Các bạn thấy sao về chiếc smartphone nhà Tecno này? Mình thấy em nó sẽ là chiếc smartphone nổi bật trong phân khúc tầm trung khi đây là thiết bị sở hữu một thiết kế đẹp mắt, sang trọng với màn hình cong ấn tượng, mỏng nhẹ vô cùng thời trang, cấu hình tốt, đủ để chơi nhiều tựa game trên thị trường, camera độ phân giải cao.</p><p>Tecno Spark 20 Pro Plus có mức giá niêm yết tại thị trường Việt Nam là 5.49 triệu. Tuy nhiên, sản phẩm có mức giá cực kỳ ưu đãi tại CellphoneS. Cụ thể, em nó đang có giá khuyến mãi là 4,890,000 đồng (giảm trực tiếp 600,000 đồng). Ngoài ra, người dùng còn nhận thêm ưu đãi Tặng Pin dự phòng BASEUS AIRPOW FAST CHARGE 20000MAh cho 100 suất đặt hàng đầu tiên và có thể quy đổi thành 300,000 đồng. Như vậy, mức giá trừ hết ưu đãi cho 100 khách hàng đầu tiên chỉ là 4.59 triệu đồng. Có thể nói đây là một mức giá cực kỳ hời dành cho một chiếc máy có chất lượng cao như này.</p>', '2024-03-30 21:22:13');
INSERT INTO `tintuc` VALUES (5, 2, 'tintucsp_1711728809519_1.jpg', '5 BEST FRUITS TO MAKE YOU FRESH AND HEALTHY', '<p>Bên trong hộp Tecno Spark 20 Pro Plus có gì?</p><p>Trước khi chúng ta trên tay Teco Spark 20 Pro Plus thì các bạn hãy cùng mình mở hộp em nó trước nhé, Tecno vẫn giữ cách đóng hộp quen thuộc với tông trắng nửa trên và màu da cam ở bên dưới hộp ở phía trước hộp chúng ta có tên máy khá là đơn giản.</p><p>Mở hộp Tecno Spark 20 Pro Plus</p><p>Tecno vô cùng chu đáo với người dùng khi trang bị đầy đủ phụ kiện cần thiết ở bên trong máy. Cơ bản nhất là que chọc SIM sau đó là sách hướng dẫn sử dụng.</p><p><br></p><p>Mở hộp Tecno Spark 20 Pro Plus</p><p>Tiếp đến là củ và cáp sạc theo máy, tai nghe với jack cắm 3.5mm và ốp lưng trong suốt để bảo vệ thiết bị.</p><p>Củ và cáp sạc của Tecno Spark 20 Pro Plus</p><p>Không những thế, hãng còn tặng thêm cho người dùng sticker Mobile Legend để trang trí máy hoặc dán ở đâu đó và bộ cường lực màn hình cong với khăn lau và miếng hút bụi. Có thể nói với mức giá hơn 5 triệu một chút, chúng ta có được đầy đủ phụ kiện đi kèm phải nói, Tecno rất là chu đáo với người dùng.</p><p>Khi mua Tecno Spark 20 Pro Plus được tặng kèm theo cả cường lực</p><p>Khi mua Tecno Spark 20 Pro Plus được tặng kèm theo cả cường lực</p><p>Thiết kế và ngoại hình của Tecno Spark 20 Pro Plus</p><p>Thiết kế chính là điểm cộng đầu tiên và lớn nhất của Tecno Spark 20 Pro Plus, em nó sẽ dành cho những bạn đang tìm kiếm cho mình một thiết bị có ngoại hình độc đáo, sang trọng và đặc biệt là yêu thích màn hình cong trong phân khúc tầm trung.</p><p>Thiết kế và ngoại hình của Tecno Spark 20 Pro Plus</p><p>Khi cầm trên tay Tecno Spark 20 Pro Plus, mình không nghĩ đây là một thiết bị giá 5 triệu mà sở hữu một ngoại hình như những thiết bị cao cấp và cận cao cấp đúng không? Viền máy bóng bẩy, mỏng nhẹ, cụm camera to trông rất là chuyên nghiệp và màn hình cong ấn tượng.</p><p>Có thể nói trông thiết bị khác với những chiếc smartphone đến từ nhà Tecno gần đây, mỏng hơn, nhẹ hơn, sang trọng hơn và trông đầy cảm hứng hơn.</p><p>Trên tay Tecno Spark 20 Pro Plus&nbsp;</p><p>Tecno Spark 20 Pro Plus ra mắt với hai màu trắng và đen, mình thấy thích màu trắng hơn trông em nó thanh lịch và thu hút hơn hẳn, chỗ cụm camera thiết bị sẽ có thêm một dải vân cẩm thạch trông rất là độc đáo, màu đen thì cũng đẹp, thanh lịch nhưng cá nhân mình thấy hơi chìm, màu này sẽ hợp hơn với những bạn yêu thích sự tối giản, bí ẩn một chút.</p><p>Thiết kế và ngoại hình của Tecno Spark 20 Pro Plus</p><p>Tecno Spark 20 Pro Plus được hoàn thiện hoàn toàn bằng nhựa nên trọng lượng của thiết bị khá là nhẹ nhàng chỉ 179g, kích thước tổng thể 164.7 x 75 x 7.6 mm cực kỳ mỏng nhẹ tuy màn hình hơi to nhưng cảm giác cầm nắm thoải mái không quá nặng tay.</p><p>Tecno Spark 20 Pro Plus có ngoại hình mỏng nhẹ</p><p>Các cạnh của máy được mạ bóng để làm Tecno Spark 20 Pro Plus trông đẹp mắt hơn, có thể thấy bên trên là nơi đặt loa ngoài thứ nhất và mic thu âm. Em nó còn được trang bị chuẩn kháng nước, bụi IP53 gia tăng độ bền của người sử dụng.</p><p>Các cạnh bên của Tecno Spark 20 Pro Plus</p><p>Cạnh dưới là nơi đặt loa ngoài thứ 2 đạt chuẩn Hi RES Audio với mức âm lượng lên đến 400% nhờ đó mà người dùng có trải nghiệm nghe nhạc, xem phim giải trí hấp dẫn hơn, chúng ta sẽ có thêm cổng sạc USB - C, mic thoại và khe SIM.</p><p><br></p><p>Cạnh trái của Tecno Spark 20 Pro Plus được để trống, cạnh phải đặt nút nguồn và tăng/giảm âm lượng.</p><p><br></p><p>Quay đến mặt lưng của máy, do được làm dạng bóng nên cầm nắm khá là trơn, cụm camera của thiết bị được làm hình tròn thay vì hình vuông như những chiếc máy Tecno ra mắt trước đó. Phải nói nhìn từ mặt sau trông em nó rất là nổi bật, làm mình nhớ đến OnePlus 11.</p><p>Cụm camera của Tecno Spark 20 Pro Plus</p><p>Camera</p><p>Về thông số camera thì Tecno Spark 20 Pro Plus được trang bị camera chính độ phân giải 108MP, Macro 2MP đi kèm với đó là những tính năng phụ trợ như siêu ban đêm, chụp chân dung... Ngoài ra thiết bị còn hỗ trợ thêm tính năng quay phim 2K.</p><p><br></p><p>Một số hình ảnh chụp nhanh từ thiết bị:</p><p>Ảnh chụp từ Tecno Spark 20 Pro Plus</p><p><br></p><p><br></p><p><br></p><p>Ảnh chụp từ Tecno Spark 20 Pro Plus</p><p>Màn hình&nbsp;</p><p>Tecno Spark 20 Pro Plus được trang bị màn hình cong kích thước lớn 6.78 inch với camera selfie dạng đục lỗ 32MP. Có thể nói Trong tầm giá 5 triệu hơn hiếm có thiết bị nào được trang bị màn hình cong như thế, đa phần sẽ dùng màn hình phẳng thường thấy. Dĩ nhiên, viền trên và viền dưới của màn hình vẫn còn trông khá là dày.</p><p>Màn hình cong trên Tecno Spark 20 Pro Plus</p><p><br></p><p><br></p><p>Không chỉ là cụm camera nốt ruồi bình thường, mà \"nốt ruồi\" này còn có thể biến thành \"Dynamic isLand\". Nói vậy thôi chứ tính năng này trên Tecno Spark 20 Pro gọi là màn hình Dynamic Port khá là thú vị.</p><p>Dynamic port trên Tecno Spark 20 Pro plus</p><p>Về khả năng hiển thị thì Tecno Spark 20 Pro Plus được trang bị màn hình AMOLED, độ phân giải FullHD+ (1,080 x 2,436 pixels pixels), tần số quét 120Hz, độ sáng 1000 nits. Bao nhiêu thông số đó cũng đủ cho thấy thiết bị mang đến trải nghiệm giải trí, xem phim, chơi game với màu sắc hấp dẫn đẹp mắt, trải nghiệm vuốt chạm mượt mà.</p><p>Trải nghiệm xem phim trên Tecno Spark 20 Pro Plus</p><p>Hiệu năng, phần mềm và pin</p><p>Về phần cấu hình thì thiết bị được trang bị con chip Helio G99 Ultimate - Phiên bản cải tiến hơn của Helio G99, nhân đồ hoạ Mali-G57 MC2, chạy trên nền tảng Android 14, giao diện HiOS 13, RAM 8GB, bộ nhớ trong 256GB.</p><p><br></p><p>Theo kiểm tra hiệu năng từ ứng dụng Antutu Benchmark V10 thì em nó đạt 402,771 điểm, Geekbench 6 là 563 điểm đơn nhân, 1,722 điểm đa nhân.</p><p><br></p><p>Tecno Spark 20 Pro Plus</p><p>Mình có trải nghiệm nhanh hiệu năng của em nó thì thiết bị chơi được Tốc Chiến, PUBG: Mobile với mức đồ hoạ trung bình cao cũng khá là tốt.</p><p>Trải nghiệm chơi game trên Tecno Spark 20 Pro Plus</p><p>Máy còn được tích hợp cảm biến vân tay bên trong màn hình, một thứ hiếm hoi trong phân khúc 5 triệu đồng. Về dung lượng pin thì thiết bị được trang bị viên pin dung lượng 5,000 mAh vừa đủ để người dùng sử dụng trong một ngày, đi kèm với đó là sạc nhanh công suất 33W giúp tiết kiệm thời gian sạc pin của người dùng.</p><p>Tecno Spark 20 Pro PlusCó nên mua Tecno Spark 20 Pro Plus?</p><p>Các bạn thấy sao về chiếc smartphone nhà Tecno này? Mình thấy em nó sẽ là chiếc smartphone nổi bật trong phân khúc tầm trung khi đây là thiết bị sở hữu một thiết kế đẹp mắt, sang trọng với màn hình cong ấn tượng, mỏng nhẹ vô cùng thời trang, cấu hình tốt, đủ để chơi nhiều tựa game trên thị trường, camera độ phân giải cao.</p><p>Tecno Spark 20 Pro Plus có mức giá niêm yết tại thị trường Việt Nam là 5.49 triệu. Tuy nhiên, sản phẩm có mức giá cực kỳ ưu đãi tại CellphoneS. Cụ thể, em nó đang có giá khuyến mãi là 4,890,000 đồng (giảm trực tiếp 600,000 đồng). Ngoài ra, người dùng còn nhận thêm ưu đãi Tặng Pin dự phòng BASEUS AIRPOW FAST CHARGE 20000MAh cho 100 suất đặt hàng đầu tiên và có thể quy đổi thành 300,000 đồng. Như vậy, mức giá trừ hết ưu đãi cho 100 khách hàng đầu tiên chỉ là 4.59 triệu đồng. Có thể nói đây là một mức giá cực kỳ hời dành cho một chiếc máy có chất lượng cao như này.</p>', '2024-03-30 21:22:13');
INSERT INTO `tintuc` VALUES (7, 2, 'tintucsp_1711728809519_1.jpg', '5 BEST FRUITS TO MAKE YOU FRESH AND HEALTHY', '<p>Bên trong hộp Tecno Spark 20 Pro Plus có gì?</p><p>Trước khi chúng ta trên tay Teco Spark 20 Pro Plus thì các bạn hãy cùng mình mở hộp em nó trước nhé, Tecno vẫn giữ cách đóng hộp quen thuộc với tông trắng nửa trên và màu da cam ở bên dưới hộp ở phía trước hộp chúng ta có tên máy khá là đơn giản.</p><p>Mở hộp Tecno Spark 20 Pro Plus</p><p>Tecno vô cùng chu đáo với người dùng khi trang bị đầy đủ phụ kiện cần thiết ở bên trong máy. Cơ bản nhất là que chọc SIM sau đó là sách hướng dẫn sử dụng.</p><p><br></p><p>Mở hộp Tecno Spark 20 Pro Plus</p><p>Tiếp đến là củ và cáp sạc theo máy, tai nghe với jack cắm 3.5mm và ốp lưng trong suốt để bảo vệ thiết bị.</p><p>Củ và cáp sạc của Tecno Spark 20 Pro Plus</p><p>Không những thế, hãng còn tặng thêm cho người dùng sticker Mobile Legend để trang trí máy hoặc dán ở đâu đó và bộ cường lực màn hình cong với khăn lau và miếng hút bụi. Có thể nói với mức giá hơn 5 triệu một chút, chúng ta có được đầy đủ phụ kiện đi kèm phải nói, Tecno rất là chu đáo với người dùng.</p><p>Khi mua Tecno Spark 20 Pro Plus được tặng kèm theo cả cường lực</p><p>Khi mua Tecno Spark 20 Pro Plus được tặng kèm theo cả cường lực</p><p>Thiết kế và ngoại hình của Tecno Spark 20 Pro Plus</p><p>Thiết kế chính là điểm cộng đầu tiên và lớn nhất của Tecno Spark 20 Pro Plus, em nó sẽ dành cho những bạn đang tìm kiếm cho mình một thiết bị có ngoại hình độc đáo, sang trọng và đặc biệt là yêu thích màn hình cong trong phân khúc tầm trung.</p><p>Thiết kế và ngoại hình của Tecno Spark 20 Pro Plus</p><p>Khi cầm trên tay Tecno Spark 20 Pro Plus, mình không nghĩ đây là một thiết bị giá 5 triệu mà sở hữu một ngoại hình như những thiết bị cao cấp và cận cao cấp đúng không? Viền máy bóng bẩy, mỏng nhẹ, cụm camera to trông rất là chuyên nghiệp và màn hình cong ấn tượng.</p><p>Có thể nói trông thiết bị khác với những chiếc smartphone đến từ nhà Tecno gần đây, mỏng hơn, nhẹ hơn, sang trọng hơn và trông đầy cảm hứng hơn.</p><p>Trên tay Tecno Spark 20 Pro Plus&nbsp;</p><p>Tecno Spark 20 Pro Plus ra mắt với hai màu trắng và đen, mình thấy thích màu trắng hơn trông em nó thanh lịch và thu hút hơn hẳn, chỗ cụm camera thiết bị sẽ có thêm một dải vân cẩm thạch trông rất là độc đáo, màu đen thì cũng đẹp, thanh lịch nhưng cá nhân mình thấy hơi chìm, màu này sẽ hợp hơn với những bạn yêu thích sự tối giản, bí ẩn một chút.</p><p>Thiết kế và ngoại hình của Tecno Spark 20 Pro Plus</p><p>Tecno Spark 20 Pro Plus được hoàn thiện hoàn toàn bằng nhựa nên trọng lượng của thiết bị khá là nhẹ nhàng chỉ 179g, kích thước tổng thể 164.7 x 75 x 7.6 mm cực kỳ mỏng nhẹ tuy màn hình hơi to nhưng cảm giác cầm nắm thoải mái không quá nặng tay.</p><p>Tecno Spark 20 Pro Plus có ngoại hình mỏng nhẹ</p><p>Các cạnh của máy được mạ bóng để làm Tecno Spark 20 Pro Plus trông đẹp mắt hơn, có thể thấy bên trên là nơi đặt loa ngoài thứ nhất và mic thu âm. Em nó còn được trang bị chuẩn kháng nước, bụi IP53 gia tăng độ bền của người sử dụng.</p><p>Các cạnh bên của Tecno Spark 20 Pro Plus</p><p>Cạnh dưới là nơi đặt loa ngoài thứ 2 đạt chuẩn Hi RES Audio với mức âm lượng lên đến 400% nhờ đó mà người dùng có trải nghiệm nghe nhạc, xem phim giải trí hấp dẫn hơn, chúng ta sẽ có thêm cổng sạc USB - C, mic thoại và khe SIM.</p><p><br></p><p>Cạnh trái của Tecno Spark 20 Pro Plus được để trống, cạnh phải đặt nút nguồn và tăng/giảm âm lượng.</p><p><br></p><p>Quay đến mặt lưng của máy, do được làm dạng bóng nên cầm nắm khá là trơn, cụm camera của thiết bị được làm hình tròn thay vì hình vuông như những chiếc máy Tecno ra mắt trước đó. Phải nói nhìn từ mặt sau trông em nó rất là nổi bật, làm mình nhớ đến OnePlus 11.</p><p>Cụm camera của Tecno Spark 20 Pro Plus</p><p>Camera</p><p>Về thông số camera thì Tecno Spark 20 Pro Plus được trang bị camera chính độ phân giải 108MP, Macro 2MP đi kèm với đó là những tính năng phụ trợ như siêu ban đêm, chụp chân dung... Ngoài ra thiết bị còn hỗ trợ thêm tính năng quay phim 2K.</p><p><br></p><p>Một số hình ảnh chụp nhanh từ thiết bị:</p><p>Ảnh chụp từ Tecno Spark 20 Pro Plus</p><p><br></p><p><br></p><p><br></p><p>Ảnh chụp từ Tecno Spark 20 Pro Plus</p><p>Màn hình&nbsp;</p><p>Tecno Spark 20 Pro Plus được trang bị màn hình cong kích thước lớn 6.78 inch với camera selfie dạng đục lỗ 32MP. Có thể nói Trong tầm giá 5 triệu hơn hiếm có thiết bị nào được trang bị màn hình cong như thế, đa phần sẽ dùng màn hình phẳng thường thấy. Dĩ nhiên, viền trên và viền dưới của màn hình vẫn còn trông khá là dày.</p><p>Màn hình cong trên Tecno Spark 20 Pro Plus</p><p><br></p><p><br></p><p>Không chỉ là cụm camera nốt ruồi bình thường, mà \"nốt ruồi\" này còn có thể biến thành \"Dynamic isLand\". Nói vậy thôi chứ tính năng này trên Tecno Spark 20 Pro gọi là màn hình Dynamic Port khá là thú vị.</p><p>Dynamic port trên Tecno Spark 20 Pro plus</p><p>Về khả năng hiển thị thì Tecno Spark 20 Pro Plus được trang bị màn hình AMOLED, độ phân giải FullHD+ (1,080 x 2,436 pixels pixels), tần số quét 120Hz, độ sáng 1000 nits. Bao nhiêu thông số đó cũng đủ cho thấy thiết bị mang đến trải nghiệm giải trí, xem phim, chơi game với màu sắc hấp dẫn đẹp mắt, trải nghiệm vuốt chạm mượt mà.</p><p>Trải nghiệm xem phim trên Tecno Spark 20 Pro Plus</p><p>Hiệu năng, phần mềm và pin</p><p>Về phần cấu hình thì thiết bị được trang bị con chip Helio G99 Ultimate - Phiên bản cải tiến hơn của Helio G99, nhân đồ hoạ Mali-G57 MC2, chạy trên nền tảng Android 14, giao diện HiOS 13, RAM 8GB, bộ nhớ trong 256GB.</p><p><br></p><p>Theo kiểm tra hiệu năng từ ứng dụng Antutu Benchmark V10 thì em nó đạt 402,771 điểm, Geekbench 6 là 563 điểm đơn nhân, 1,722 điểm đa nhân.</p><p><br></p><p>Tecno Spark 20 Pro Plus</p><p>Mình có trải nghiệm nhanh hiệu năng của em nó thì thiết bị chơi được Tốc Chiến, PUBG: Mobile với mức đồ hoạ trung bình cao cũng khá là tốt.</p><p>Trải nghiệm chơi game trên Tecno Spark 20 Pro Plus</p><p>Máy còn được tích hợp cảm biến vân tay bên trong màn hình, một thứ hiếm hoi trong phân khúc 5 triệu đồng. Về dung lượng pin thì thiết bị được trang bị viên pin dung lượng 5,000 mAh vừa đủ để người dùng sử dụng trong một ngày, đi kèm với đó là sạc nhanh công suất 33W giúp tiết kiệm thời gian sạc pin của người dùng.</p><p>Tecno Spark 20 Pro PlusCó nên mua Tecno Spark 20 Pro Plus?</p><p>Các bạn thấy sao về chiếc smartphone nhà Tecno này? Mình thấy em nó sẽ là chiếc smartphone nổi bật trong phân khúc tầm trung khi đây là thiết bị sở hữu một thiết kế đẹp mắt, sang trọng với màn hình cong ấn tượng, mỏng nhẹ vô cùng thời trang, cấu hình tốt, đủ để chơi nhiều tựa game trên thị trường, camera độ phân giải cao.</p><p>Tecno Spark 20 Pro Plus có mức giá niêm yết tại thị trường Việt Nam là 5.49 triệu. Tuy nhiên, sản phẩm có mức giá cực kỳ ưu đãi tại CellphoneS. Cụ thể, em nó đang có giá khuyến mãi là 4,890,000 đồng (giảm trực tiếp 600,000 đồng). Ngoài ra, người dùng còn nhận thêm ưu đãi Tặng Pin dự phòng BASEUS AIRPOW FAST CHARGE 20000MAh cho 100 suất đặt hàng đầu tiên và có thể quy đổi thành 300,000 đồng. Như vậy, mức giá trừ hết ưu đãi cho 100 khách hàng đầu tiên chỉ là 4.59 triệu đồng. Có thể nói đây là một mức giá cực kỳ hời dành cho một chiếc máy có chất lượng cao như này.</p>', '2024-03-30 21:22:13');

SET FOREIGN_KEY_CHECKS = 1;
